ORG_ID,MONTH,YEARMONTH,INCOME,PROTEST,ADV,ADV_lag,ADV_Zscr,ADV_Zscr_lag1,ADV_Zscr_lag12,TARGET_month,TARGET_org,PUBFUND,POLICONTROL
17,1,1,588100000,0,6438.195435,2541.767334,-0.414,-0.441,-0.423,0,1,0.238,independent_agency
17,2,2,588100000,0,4868.190918,6438.195435,-0.425,-0.414,-0.34,0,1,0.238,independent_agency
17,3,3,588100000,0,11900.67688,4868.190918,-0.376,-0.425,-0.282,0,1,0.238,independent_agency
17,4,4,588100000,0,2118.139648,11900.67688,-0.444,-0.376,-0.049,0,1,0.238,independent_agency
17,5,5,588100000,0,4445.739746,2118.139648,-0.428,-0.444,-0.399,0,1,0.238,independent_agency
17,6,6,588100000,0,6126.20459,4445.739746,-0.416,-0.428,-0.363,0,1,0.238,independent_agency
17,7,7,588100000,0,428913.4972,6126.20459,2.505,-0.416,-0.428,0,1,0.238,independent_agency
17,8,8,588100000,0,18505.94876,428913.4972,-0.331,2.505,-0.433,0,1,0.238,independent_agency
17,9,9,588100000,0,3707.976868,18505.94876,-0.433,-0.331,-0.35,0,1,0.238,independent_agency
17,10,10,588100000,0,4406.772217,3707.976868,-0.428,-0.433,-0.422,0,1,0.238,independent_agency
17,11,11,588100000,0,36477.62762,4406.772217,-0.206,-0.428,-0.418,0,1,0.238,independent_agency
17,12,12,588100000,0,614314.5591,36477.62762,3.786,-0.206,-0.441,0,1,0.238,independent_agency
17,13,1,600300000,0,4721.423279,614314.5591,-0.426,3.786,-0.414,0,1,0.18,independent_agency
17,14,2,600300000,0,6519.362915,4721.423279,-0.413,-0.426,-0.425,0,1,0.18,independent_agency
17,15,3,600300000,0,5665.069702,6519.362915,-0.419,-0.413,-0.376,0,1,0.18,independent_agency
17,16,4,600300000,0,1376.79068,5665.069702,-0.449,-0.419,-0.444,0,1,0.18,independent_agency
17,17,5,600300000,0,41702.1069,1376.79068,-0.17,-0.449,-0.428,0,1,0.18,independent_agency
17,18,6,600300000,0,71067.85942,41702.1069,0.033,-0.17,-0.416,0,1,0.18,independent_agency
17,19,7,600300000,0,54659.63367,71067.85942,-0.081,0.033,2.505,1,1,0.18,independent_agency
17,20,8,600300000,1,269458.2458,54659.63367,1.403,-0.081,-0.331,1,1,0.18,independent_agency
17,21,9,600300000,1,14272.44452,269458.2458,-0.36,1.403,-0.433,1,1,0.18,independent_agency
17,22,10,600300000,1,0,14272.44452,-0.458,-0.36,-0.428,1,1,0.18,independent_agency
17,23,11,600300000,1,3706.660339,0,-0.433,-0.458,-0.206,1,1,0.18,independent_agency
17,24,12,600300000,1,6644.695129,3706.660339,-0.413,-0.433,3.786,0,1,0.18,independent_agency
17,25,1,697300000,1,4203.720886,6644.695129,-0.429,-0.413,-0.426,1,1,0.135,independent_agency
17,26,2,697300000,1,2912.441833,4203.720886,-0.438,-0.429,-0.413,1,1,0.135,independent_agency
17,27,3,697300000,1,9596.599792,2912.441833,-0.392,-0.438,-0.419,1,1,0.135,independent_agency
17,28,4,697300000,1,12682.38635,9596.599792,-0.371,-0.392,-0.449,1,1,0.135,independent_agency
17,29,5,697300000,1,11723.86777,12682.38635,-0.377,-0.371,-0.17,0,1,0.135,independent_agency
17,30,6,697300000,1,7863.465454,11723.86777,-0.404,-0.377,0.033,1,1,0.135,independent_agency
25,1,1,6669463,0,0,197884.4937,-0.569,2.016,-0.569,0,0,0.838,semi-autonomous
25,2,2,6669463,0,0,0,-0.569,-0.569,-0.569,0,0,0.838,semi-autonomous
25,3,3,6669463,0,125326.499,0,1.068,-0.569,-0.171,0,0,0.838,semi-autonomous
25,4,4,6669463,0,163508.3027,125326.499,1.567,1.068,-0.088,0,0,0.838,semi-autonomous
25,5,5,6669463,0,173737.7013,163508.3027,1.701,1.567,-0.569,0,0,0.838,semi-autonomous
25,6,6,6669463,0,3099.562599,173737.7013,-0.529,1.701,-0.569,0,0,0.838,semi-autonomous
25,7,7,6669463,0,328574.6565,3099.562599,3.724,-0.529,4.563,0,0,0.838,semi-autonomous
25,8,8,6669463,0,137595.3207,328574.6565,1.229,3.724,0.106,0,0,0.838,semi-autonomous
25,9,9,6669463,0,7936.93042,137595.3207,-0.466,1.229,3.068,0,0,0.838,semi-autonomous
25,10,10,6669463,0,0,7936.93042,-0.569,-0.466,0.294,0,0,0.838,semi-autonomous
25,11,11,6669463,0,22456.3233,0,-0.276,-0.569,1.758,0,0,0.838,semi-autonomous
25,12,12,6669463,0,0,22456.3233,-0.569,-0.276,2.016,0,0,0.838,semi-autonomous
25,13,1,6152659,0,0,0,-0.569,-0.569,-0.569,0,0,0.85,semi-autonomous
25,14,2,6152659,0,0,0,-0.569,-0.569,-0.569,0,0,0.85,semi-autonomous
25,15,3,6152659,0,0,0,-0.569,-0.569,1.068,0,0,0.85,semi-autonomous
25,16,4,6152659,0,48694.47363,0,0.067,-0.569,1.567,0,0,0.85,semi-autonomous
25,17,5,6152659,0,0,48694.47363,-0.569,0.067,1.701,0,0,0.85,semi-autonomous
25,18,6,6152659,0,0,0,-0.569,-0.569,-0.529,0,0,0.85,semi-autonomous
25,19,7,6152659,0,201410.4365,0,2.062,-0.569,3.724,0,0,0.85,semi-autonomous
25,20,8,6152659,1,77081.50586,201410.4365,0.438,2.062,1.229,0,0,0.85,semi-autonomous
25,21,9,6152659,1,44038.37109,77081.50586,0.006,0.438,-0.466,0,0,0.85,semi-autonomous
25,22,10,6152659,1,55994.19531,44038.37109,0.162,0.006,-0.569,0,0,0.85,semi-autonomous
25,23,11,6152659,1,0,55994.19531,-0.569,0.162,-0.276,0,0,0.85,semi-autonomous
25,24,12,6152659,1,39217.13826,0,-0.057,-0.569,-0.569,0,0,0.85,semi-autonomous
25,25,1,6225825,1,133141.4982,39217.13826,1.17,-0.057,-0.569,0,0,0.892,semi-autonomous
25,26,2,6225825,1,0,133141.4982,-0.569,1.17,-0.569,0,0,0.892,semi-autonomous
25,27,3,6225825,1,4744.186035,0,-0.507,-0.569,-0.569,0,0,0.892,semi-autonomous
25,28,4,6225825,1,0,4744.186035,-0.569,-0.507,0.067,0,0,0.892,semi-autonomous
25,29,5,6225825,1,0,0,-0.569,-0.569,-0.569,0,0,0.892,semi-autonomous
25,30,6,6225825,1,0,0,-0.569,-0.569,-0.569,0,0,0.892,semi-autonomous
26,1,1,3776000,0,0,0,-0.343,-0.343,-0.295,0,0,0.773,semi-autonomous
26,2,2,3776000,0,8685.931313,0,-0.292,-0.343,-0.295,0,0,0.773,semi-autonomous
26,3,3,3776000,0,17860.86774,8685.931313,-0.239,-0.292,-0.297,0,0,0.773,semi-autonomous
26,4,4,3776000,0,18078.81384,17860.86774,-0.237,-0.239,-0.276,0,0,0.773,semi-autonomous
26,5,5,3776000,0,5798.837219,18078.81384,-0.309,-0.237,-0.303,0,0,0.773,semi-autonomous
26,6,6,3776000,0,25716.25604,5798.837219,-0.193,-0.309,-0.319,0,0,0.773,semi-autonomous
26,7,7,3776000,0,38852.32587,25716.25604,-0.116,-0.193,-0.343,0,0,0.773,semi-autonomous
26,8,8,3776000,0,87419.97433,38852.32587,0.167,-0.116,-0.343,0,0,0.773,semi-autonomous
26,9,9,3776000,0,428242.597,87419.97433,2.154,0.167,-0.312,0,0,0.773,semi-autonomous
26,10,10,3776000,0,20040.46515,428242.597,-0.226,2.154,-0.308,0,0,0.773,semi-autonomous
26,11,11,3776000,0,3867.906982,20040.46515,-0.32,-0.226,-0.343,0,0,0.773,semi-autonomous
26,12,12,3776000,0,1933.953491,3867.906982,-0.332,-0.32,-0.343,0,0,0.773,semi-autonomous
26,13,1,4206536,0,0,1933.953491,-0.343,-0.332,-0.343,0,0,0.778,semi-autonomous
26,14,2,4206536,0,0,0,-0.343,-0.343,-0.292,0,0,0.778,semi-autonomous
26,15,3,4206536,0,0,0,-0.343,-0.343,-0.239,0,0,0.778,semi-autonomous
26,16,4,4206536,0,0,0,-0.343,-0.343,-0.237,0,0,0.778,semi-autonomous
26,17,5,4206536,0,0,0,-0.343,-0.343,-0.309,0,0,0.778,semi-autonomous
26,18,6,4206536,0,0,0,-0.343,-0.343,-0.193,0,0,0.778,semi-autonomous
26,19,7,4206536,0,0,0,-0.343,-0.343,-0.116,0,0,0.778,semi-autonomous
26,20,8,4206536,1,135609.2993,0,0.448,-0.343,0.167,0,0,0.778,semi-autonomous
26,21,9,4206536,1,846525.5017,135609.2993,4.592,0.448,2.154,0,0,0.778,semi-autonomous
26,22,10,4206536,1,474329.3375,846525.5017,2.422,4.592,-0.226,0,0,0.778,semi-autonomous
26,23,11,4206536,1,0,474329.3375,-0.343,2.422,-0.32,0,0,0.778,semi-autonomous
26,24,12,4206536,1,0,0,-0.343,-0.343,-0.332,0,0,0.778,semi-autonomous
26,25,1,4684819,1,0,0,-0.343,-0.343,-0.343,0,0,0.805,semi-autonomous
26,26,2,4684819,1,0,0,-0.343,-0.343,-0.343,0,0,0.805,semi-autonomous
26,27,3,4684819,1,0,0,-0.343,-0.343,-0.343,0,0,0.805,semi-autonomous
26,28,4,4684819,1,0,0,-0.343,-0.343,-0.343,0,0,0.805,semi-autonomous
26,29,5,4684819,1,0,0,-0.343,-0.343,-0.343,0,0,0.805,semi-autonomous
26,30,6,4684819,1,3920.400055,0,-0.32,-0.343,-0.343,0,0,0.805,semi-autonomous
33,1,1,3687977000,0,34688.35815,17925.95361,-1.078,-1.437,-1.282,0,0,0.997,semi-autonomous
33,2,2,3687977000,0,5374.039551,34688.35815,-1.706,-1.078,-1.365,0,0,0.997,semi-autonomous
33,3,3,3687977000,0,52972.82825,5374.039551,-0.687,-1.706,-1.69,0,0,0.997,semi-autonomous
33,4,4,3687977000,0,157904.0835,52972.82825,1.56,-0.687,-1.611,0,0,0.997,semi-autonomous
33,5,5,3687977000,0,37952.71191,157904.0835,-1.008,1.56,3.114,0,0,0.997,semi-autonomous
33,6,6,3687977000,0,66277.31055,37952.71191,-0.402,-1.008,1.945,0,0,0.997,semi-autonomous
33,7,7,3687977000,0,104308.5478,66277.31055,0.413,-0.402,-0.631,0,0,0.997,semi-autonomous
33,8,8,3687977000,0,176782.8607,104308.5478,1.965,0.413,4.459,0,0,0.997,semi-autonomous
33,9,9,3687977000,0,24374.31604,176782.8607,-1.299,1.965,4.693,0,0,0.997,semi-autonomous
33,10,10,3687977000,0,100468.5302,24374.31604,0.33,-1.299,-1.393,0,0,0.997,semi-autonomous
33,11,11,3687977000,0,111099.7861,100468.5302,0.558,0.33,1.519,0,0,0.997,semi-autonomous
33,12,12,3687977000,0,43424.0011,111099.7861,-0.891,0.558,-1.437,0,0,0.997,semi-autonomous
33,13,1,5386823000,0,129645.8052,43424.0011,0.955,-0.891,-1.078,0,0,0.997,semi-autonomous
33,14,2,5386823000,0,108109.6915,129645.8052,0.494,0.955,-1.706,0,0,0.997,semi-autonomous
33,15,3,5386823000,0,129440.8695,108109.6915,0.951,0.494,-0.687,0,0,0.997,semi-autonomous
33,16,4,5386823000,0,105597.5596,129440.8695,0.44,0.951,1.56,0,0,0.997,semi-autonomous
33,17,5,5386823000,0,57391.67456,105597.5596,-0.592,0.44,-1.008,0,0,0.997,semi-autonomous
33,18,6,5386823000,0,96124.5575,57391.67456,0.237,-0.592,-0.402,0,0,0.997,semi-autonomous
33,19,7,5386823000,0,124123.5431,96124.5575,0.837,0.237,0.413,0,0,0.997,semi-autonomous
33,20,8,5386823000,1,146146.3018,124123.5431,1.309,0.837,1.965,0,0,0.997,semi-autonomous
33,21,9,5386823000,1,4688.967285,146146.3018,-1.721,1.309,-1.299,0,0,0.997,semi-autonomous
33,22,10,5386823000,1,124794.5546,4688.967285,0.851,-1.721,0.33,0,0,0.997,semi-autonomous
33,23,11,5386823000,1,133705.2701,124794.5546,1.042,0.851,0.558,0,0,0.997,semi-autonomous
33,24,12,5386823000,1,76498.5675,133705.2701,-0.183,1.042,-0.891,0,0,0.997,semi-autonomous
33,25,1,5724000000,1,92501.13086,76498.5675,0.16,-0.183,0.955,0,0,1,semi-autonomous
33,26,2,5724000000,1,49504.41223,92501.13086,-0.761,0.16,0.494,0,0,1,semi-autonomous
33,27,3,5724000000,1,15588.89331,49504.41223,-1.487,-0.761,0.951,0,0,1,semi-autonomous
33,28,4,5724000000,1,31301.45575,15588.89331,-1.151,-1.487,0.44,0,0,1,semi-autonomous
33,29,5,5724000000,1,34462.51141,31301.45575,-1.083,-1.151,-0.592,0,0,1,semi-autonomous
33,30,6,5724000000,1,71117.63754,34462.51141,-0.298,-1.083,0.237,0,0,1,semi-autonomous
34,1,1,167599000,0,23371.75802,47624.11139,-0.115,0.159,-0.182,0,0,0.677,ministy
34,2,2,167599000,0,35247.27068,23371.75802,0.019,-0.115,-0.379,0,0,0.677,ministy
34,3,3,167599000,0,0,35247.27068,-0.379,0.019,-0.379,0,0,0.677,ministy
34,4,4,167599000,0,11878.50362,0,-0.245,-0.379,-0.379,0,0,0.677,ministy
34,5,5,167599000,0,17457.67464,11878.50362,-0.182,-0.245,-0.028,0,0,0.677,ministy
34,6,6,167599000,0,0,17457.67464,-0.379,-0.182,-0.14,0,0,0.677,ministy
34,7,7,167599000,0,0,0,-0.379,-0.379,-0.379,0,0,0.677,ministy
34,8,8,167599000,0,0,0,-0.379,-0.379,-0.379,0,0,0.677,ministy
34,9,9,167599000,0,0,0,-0.379,-0.379,0.095,0,0,0.677,ministy
34,10,10,167599000,0,0,0,-0.379,-0.379,-0.115,0,0,0.677,ministy
34,11,11,167599000,0,406815.744,0,4.217,-0.379,0.642,0,0,0.677,ministy
34,12,12,167599000,0,40505.34961,406815.744,0.079,4.217,0.159,0,0,0.677,ministy
34,13,1,189953000,0,0,40505.34961,-0.379,0.079,-0.115,0,0,0.715,ministy
34,14,2,189953000,0,0,0,-0.379,-0.379,0.019,0,0,0.715,ministy
34,15,3,189953000,0,0,0,-0.379,-0.379,-0.379,0,0,0.715,ministy
34,16,4,189953000,0,0,0,-0.379,-0.379,-0.245,0,0,0.715,ministy
34,17,5,189953000,0,0,0,-0.379,-0.379,-0.182,0,0,0.715,ministy
34,18,6,189953000,0,44979.02045,0,0.129,-0.379,-0.379,0,0,0.715,ministy
34,19,7,189953000,0,28185.34839,44979.02045,-0.06,0.129,-0.379,0,0,0.715,ministy
34,20,8,189953000,1,27283.48828,28185.34839,-0.071,-0.06,-0.379,0,0,0.715,ministy
34,21,9,189953000,1,0,27283.48828,-0.379,-0.071,-0.379,0,0,0.715,ministy
34,22,10,189953000,1,310784.7656,0,3.132,-0.379,-0.379,0,0,0.715,ministy
34,23,11,189953000,1,210600.3825,310784.7656,2,3.132,4.217,0,0,0.715,ministy
34,24,12,189953000,1,0,210600.3825,-0.379,2,0.079,0,0,0.715,ministy
34,25,1,190890000,1,0,0,-0.379,-0.379,-0.379,0,0,0.727,ministy
34,26,2,190890000,1,0,0,-0.379,-0.379,-0.379,0,0,0.727,ministy
34,27,3,190890000,1,0,0,-0.379,-0.379,-0.379,0,0,0.727,ministy
34,28,4,190890000,1,0,0,-0.379,-0.379,-0.379,0,0,0.727,ministy
34,29,5,190890000,1,0,0,-0.379,-0.379,-0.379,0,0,0.727,ministy
34,30,6,190890000,1,18201.16241,0,-0.173,-0.379,0.129,0,0,0.727,ministy
35,1,1,182608000,0,46579.93476,2638.822968,0.525,-0.665,-0.736,0,0,0.647,ministy
35,2,2,182608000,0,130525.0886,46579.93476,2.798,0.525,-0.535,0,0,0.647,ministy
35,3,3,182608000,0,2225.581299,130525.0886,-0.676,2.798,-0.736,0,0,0.647,ministy
35,4,4,182608000,0,23519.99969,2225.581299,-0.099,-0.676,-0.673,0,0,0.647,ministy
35,5,5,182608000,0,35193.72058,23519.99969,0.217,-0.099,-0.684,0,0,0.647,ministy
35,6,6,182608000,0,39087.60868,35193.72058,0.322,0.217,-0.736,0,0,0.647,ministy
35,7,7,182608000,0,135115.1725,39087.60868,2.923,0.322,3.833,0,0,0.647,ministy
35,8,8,182608000,0,6781.395264,135115.1725,-0.553,2.923,-0.42,0,0,0.647,ministy
35,9,9,182608000,0,10677.67432,6781.395264,-0.447,-0.553,-0.673,0,0,0.647,ministy
35,10,10,182608000,0,10391.86011,10677.67432,-0.455,-0.447,-0.736,0,0,0.647,ministy
35,11,11,182608000,0,3463.953369,10391.86011,-0.642,-0.455,-0.736,0,0,0.647,ministy
35,12,12,182608000,0,13649.30225,3463.953369,-0.367,-0.642,-0.665,0,0,0.647,ministy
35,13,1,150825000,0,0,13649.30225,-0.736,-0.367,0.525,0,0,0.772,ministy
35,14,2,150825000,0,3340,0,-0.646,-0.736,2.798,0,0,0.772,ministy
35,15,3,150825000,0,3340,3340,-0.646,-0.646,-0.676,0,0,0.772,ministy
35,16,4,150825000,0,16906.04663,3340,-0.278,-0.646,-0.099,0,0,0.772,ministy
35,17,5,150825000,0,12350.23267,16906.04663,-0.402,-0.278,0.217,0,0,0.772,ministy
35,18,6,150825000,0,66787.38477,12350.23267,1.072,-0.402,0.322,0,0,0.772,ministy
35,19,7,150825000,0,92034.65112,66787.38477,1.756,1.072,2.923,0,0,0.772,ministy
35,20,8,150825000,1,11131.1626,92034.65112,-0.435,1.756,-0.553,0,0,0.772,ministy
35,21,9,150825000,1,8124.418701,11131.1626,-0.516,-0.435,-0.447,0,0,0.772,ministy
35,22,10,150825000,1,7915.115967,8124.418701,-0.522,-0.516,-0.455,0,0,0.772,ministy
35,23,11,150825000,1,25853.48804,7915.115967,-0.036,-0.522,-0.642,0,0,0.772,ministy
35,24,12,150825000,1,13260.81396,25853.48804,-0.377,-0.036,-0.367,0,0,0.772,ministy
35,25,1,162621000,1,2225.581299,13260.81396,-0.676,-0.377,-0.736,0,0,0.744,ministy
35,26,2,162621000,1,21667.25592,2225.581299,-0.149,-0.676,-0.646,0,0,0.744,ministy
35,27,3,162621000,1,31106.36786,21667.25592,0.106,-0.149,-0.646,0,0,0.744,ministy
35,28,4,162621000,1,784.883728,31106.36786,-0.715,0.106,-0.278,0,0,0.744,ministy
35,29,5,162621000,1,19739.53503,784.883728,-0.202,-0.715,-0.402,0,0,0.744,ministy
35,30,6,162621000,1,31357.74658,19739.53503,0.113,-0.202,1.072,0,0,0.744,ministy
36,1,1,297051000,0,0,1218.08371,-0.418,-0.32,-0.418,0,0,0.795,ministy
36,2,2,297051000,0,0,0,-0.418,-0.418,-0.418,0,0,0.795,ministy
36,3,3,297051000,0,0,0,-0.418,-0.418,-0.282,0,0,0.795,ministy
36,4,4,297051000,0,0,0,-0.418,-0.418,-0.418,0,0,0.795,ministy
36,5,5,297051000,0,0,0,-0.418,-0.418,-0.418,0,0,0.795,ministy
36,6,6,297051000,0,0,0,-0.418,-0.418,-0.418,0,0,0.795,ministy
36,7,7,297051000,0,0,0,-0.418,-0.418,-0.418,0,0,0.795,ministy
36,8,8,297051000,0,3596.511719,0,-0.128,-0.418,-0.418,0,0,0.795,ministy
36,9,9,297051000,0,9660.232422,3596.511719,0.362,-0.128,-0.418,0,0,0.795,ministy
36,10,10,297051000,0,67241.11743,9660.232422,5.009,0.362,-0.418,0,0,0.795,ministy
36,11,11,297051000,0,0,67241.11743,-0.418,5.009,-0.418,0,0,0.795,ministy
36,12,12,297051000,0,0,0,-0.418,-0.418,-0.32,0,0,0.795,ministy
36,13,1,322491000,0,0,0,-0.418,-0.418,-0.418,0,0,0.759,ministy
36,14,2,322491000,0,2707.441895,0,-0.199,-0.418,-0.418,0,0,0.759,ministy
36,15,3,322491000,0,1933.953491,2707.441895,-0.262,-0.199,-0.418,0,0,0.759,ministy
36,16,4,322491000,0,0,1933.953491,-0.418,-0.262,-0.418,0,0,0.759,ministy
36,17,5,322491000,0,0,0,-0.418,-0.418,-0.418,0,0,0.759,ministy
36,18,6,322491000,0,0,0,-0.418,-0.418,-0.418,0,0,0.759,ministy
36,19,7,322491000,0,0,0,-0.418,-0.418,-0.418,0,0,0.759,ministy
36,20,8,322491000,1,4584.651184,0,-0.048,-0.418,-0.128,0,0,0.759,ministy
36,21,9,322491000,1,0,4584.651184,-0.418,-0.048,0.362,0,0,0.759,ministy
36,22,10,322491000,1,13745.16753,0,0.691,-0.418,5.009,0,0,0.759,ministy
36,23,11,322491000,1,25649.42905,13745.16753,1.652,0.691,-0.418,0,0,0.759,ministy
36,24,12,322491000,1,0,25649.42905,-0.418,1.652,-0.418,0,0,0.759,ministy
36,25,1,469091000,1,0,0,-0.418,-0.418,-0.418,0,0,0.658,ministy
36,26,2,469091000,1,3679.767334,0,-0.121,-0.418,-0.199,0,0,0.658,ministy
36,27,3,469091000,1,11658.13947,3679.767334,0.523,-0.121,-0.262,0,0,0.658,ministy
36,28,4,469091000,1,0,11658.13947,-0.418,0.523,-0.418,0,0,0.658,ministy
36,29,5,469091000,1,0,0,-0.418,-0.418,-0.418,0,0,0.658,ministy
36,30,6,469091000,1,0,0,-0.418,-0.418,-0.418,0,0,0.658,ministy
37,1,1,141815000,0,0,105763.2864,-0.75,5.394,-0.75,0,0,0.693,ministy
37,2,2,141815000,0,11042.97656,0,-0.108,-0.75,-0.408,0,0,0.693,ministy
37,3,3,141815000,0,0,11042.97656,-0.75,-0.108,-0.429,0,0,0.693,ministy
37,4,4,141815000,0,11497.67432,0,-0.082,-0.75,0.161,0,0,0.693,ministy
37,5,5,141815000,0,0,11497.67432,-0.75,-0.082,0.011,0,0,0.693,ministy
37,6,6,141815000,0,0,0,-0.75,-0.75,-0.75,0,0,0.693,ministy
37,7,7,141815000,0,14204.18724,0,0.075,-0.75,-0.634,0,0,0.693,ministy
37,8,8,141815000,0,5708.978432,14204.18724,-0.418,0.075,5.39,0,0,0.693,ministy
37,9,9,141815000,0,200,5708.978432,-0.738,-0.418,0.273,0,0,0.693,ministy
37,10,10,141815000,0,34135.84857,200,1.233,-0.738,-0.75,0,0,0.693,ministy
37,11,11,141815000,0,27827.53223,34135.84857,0.867,1.233,-0.301,0,0,0.693,ministy
37,12,12,141815000,0,7906.976563,27827.53223,-0.291,0.867,5.394,0,0,0.693,ministy
37,13,1,138274000,0,0,7906.976563,-0.75,-0.291,-0.75,0,0,0.699,ministy
37,14,2,138274000,0,2760.232666,0,-0.59,-0.75,-0.108,0,0,0.699,ministy
37,15,3,138274000,0,0,2760.232666,-0.75,-0.59,-0.75,0,0,0.699,ministy
37,16,4,138274000,0,32360.52246,0,1.13,-0.75,-0.082,0,0,0.699,ministy
37,17,5,138274000,0,44573.21362,32360.52246,1.839,1.13,-0.75,0,0,0.699,ministy
37,18,6,138274000,0,0,44573.21362,-0.75,1.839,-0.75,0,0,0.699,ministy
37,19,7,138274000,0,0,0,-0.75,-0.75,0.075,0,0,0.699,ministy
37,20,8,138274000,1,0,0,-0.75,-0.75,-0.418,0,0,0.699,ministy
37,21,9,138274000,1,58128.54199,0,2.627,-0.75,-0.738,0,0,0.699,ministy
37,22,10,138274000,1,0,58128.54199,-0.75,2.627,1.233,0,0,0.699,ministy
37,23,11,138274000,1,27441.85986,0,0.844,-0.75,0.867,0,0,0.699,ministy
37,24,12,138274000,1,23627.90674,27441.85986,0.623,0.844,-0.291,0,0,0.699,ministy
37,25,1,160453000,1,15559.76758,23627.90674,0.154,0.623,-0.75,0,0,0.705,ministy
37,26,2,160453000,1,784.883728,15559.76758,-0.704,0.154,-0.59,0,0,0.705,ministy
37,27,3,160453000,1,53771.8623,784.883728,2.374,-0.704,-0.75,0,0,0.705,ministy
37,28,4,160453000,1,44140.94824,53771.8623,1.814,2.374,1.13,0,0,0.705,ministy
37,29,5,160453000,1,4643.023438,44140.94824,-0.48,1.814,1.839,0,0,0.705,ministy
37,30,6,160453000,1,0,4643.023438,-0.75,-0.48,-0.75,0,0,0.705,ministy
38,1,1,97552000,0,0,2922.669189,-0.776,-0.753,-0.723,0,0,0.088,semi-autonomous
38,2,2,97552000,0,0,0,-0.776,-0.776,-0.749,0,0,0.088,semi-autonomous
38,3,3,97552000,0,0,0,-0.776,-0.776,-0.776,0,0,0.088,semi-autonomous
38,4,4,97552000,0,41860,0,-0.448,-0.776,-0.765,0,0,0.088,semi-autonomous
38,5,5,97552000,0,0,41860,-0.776,-0.448,-0.235,0,0,0.088,semi-autonomous
38,6,6,97552000,0,0,0,-0.776,-0.776,-0.776,0,0,0.088,semi-autonomous
38,7,7,97552000,0,0,0,-0.776,-0.776,-0.776,0,0,0.088,semi-autonomous
38,8,8,97552000,0,0,0,-0.776,-0.776,-0.771,0,0,0.088,semi-autonomous
38,9,9,97552000,0,0,0,-0.776,-0.776,-0.771,0,0,0.088,semi-autonomous
38,10,10,97552000,0,122875.1966,0,0.186,-0.776,-0.776,0,0,0.088,semi-autonomous
38,11,11,97552000,0,156343.191,122875.1966,0.448,0.186,0.649,0,0,0.088,semi-autonomous
38,12,12,97552000,0,356115.2781,156343.191,2.013,0.448,-0.753,0,0,0.088,semi-autonomous
38,13,1,101793000,0,150178.4352,356115.2781,0.4,2.013,-0.776,0,0,0.11,semi-autonomous
38,14,2,101793000,0,0,150178.4352,-0.776,0.4,-0.776,0,0,0.11,semi-autonomous
38,15,3,101793000,0,0,0,-0.776,-0.776,-0.776,0,0,0.11,semi-autonomous
38,16,4,101793000,0,0,0,-0.776,-0.776,-0.448,0,0,0.11,semi-autonomous
38,17,5,101793000,0,41560.11035,0,-0.451,-0.776,-0.776,0,0,0.11,semi-autonomous
38,18,6,101793000,0,80545.36621,41560.11035,-0.145,-0.451,-0.776,0,0,0.11,semi-autonomous
38,19,7,101793000,0,69587.58203,80545.36621,-0.231,-0.145,-0.776,0,0,0.11,semi-autonomous
38,20,8,101793000,1,0,69587.58203,-0.776,-0.231,-0.776,0,0,0.11,semi-autonomous
38,21,9,101793000,1,0,0,-0.776,-0.776,-0.776,0,0,0.11,semi-autonomous
38,22,10,101793000,1,18005.92188,0,-0.635,-0.776,0.186,0,0,0.11,semi-autonomous
38,23,11,101793000,1,30729.76489,18005.92188,-0.536,-0.635,0.448,0,0,0.11,semi-autonomous
38,24,12,101793000,1,88196.60474,30729.76489,-0.085,-0.536,2.013,0,0,0.11,semi-autonomous
38,25,1,107389000,1,106856.0798,88196.60474,0.061,-0.085,0.4,0,0,0.112,semi-autonomous
38,26,2,107389000,1,282388.2674,106856.0798,1.436,0.061,-0.776,0,0,0.112,semi-autonomous
38,27,3,107389000,1,32905.35669,282388.2674,-0.519,1.436,-0.776,0,0,0.112,semi-autonomous
38,28,4,107389000,1,11302.53052,32905.35669,-0.688,-0.519,-0.776,0,0,0.112,semi-autonomous
38,29,5,107389000,1,137513.5737,11302.53052,0.301,-0.688,-0.451,0,0,0.112,semi-autonomous
38,30,6,107389000,1,140917.4394,137513.5737,0.328,0.301,-0.145,0,0,0.112,semi-autonomous
41,1,1,6824000000,0,0,0,-0.239,-0.239,-0.198,0,1,0,ministy
41,2,2,6824000000,0,4055.813965,0,-0.227,-0.239,-0.239,0,1,0,ministy
41,3,3,6824000000,0,0,4055.813965,-0.239,-0.227,-0.239,0,1,0,ministy
41,4,4,6824000000,0,0,0,-0.239,-0.239,-0.239,0,1,0,ministy
41,5,5,6824000000,0,0,0,-0.239,-0.239,-0.239,0,1,0,ministy
41,6,6,6824000000,0,0,0,-0.239,-0.239,-0.239,0,1,0,ministy
41,7,7,6824000000,0,0,0,-0.239,-0.239,-0.22,0,1,0,ministy
41,8,8,6824000000,0,0,0,-0.239,-0.239,-0.237,0,1,0,ministy
41,9,9,6824000000,0,117439,0,0.123,-0.239,-0.239,0,1,0,ministy
41,10,10,6824000000,0,1954092.822,117439,5.796,0.123,-0.239,0,1,0,ministy
41,11,11,6824000000,0,0,1954092.822,-0.239,5.796,-0.229,0,1,0,ministy
41,12,12,6824000000,0,9302.325195,0,-0.211,-0.239,-0.239,0,1,0,ministy
41,13,1,8347600000,0,0,9302.325195,-0.239,-0.211,-0.239,0,1,0.025,ministy
41,14,2,8347600000,0,44293.25391,0,-0.103,-0.239,-0.227,0,1,0.025,ministy
41,15,3,8347600000,0,13226.48608,44293.25391,-0.199,-0.103,-0.239,0,1,0.025,ministy
41,16,4,8347600000,0,40451.24976,13226.48608,-0.114,-0.199,-0.239,0,1,0.025,ministy
41,17,5,8347600000,0,0,40451.24976,-0.239,-0.114,-0.239,0,1,0.025,ministy
41,18,6,8347600000,0,9551.62793,0,-0.21,-0.239,-0.239,0,1,0.025,ministy
41,19,7,8347600000,0,154554.551,9551.62793,0.238,-0.21,-0.239,1,1,0.025,ministy
41,20,8,8347600000,1,14076.38159,154554.551,-0.196,0.238,-0.239,1,1,0.025,ministy
41,21,9,8347600000,1,45265.8125,14076.38159,-0.1,-0.196,0.123,1,1,0.025,ministy
41,22,10,8347600000,1,0,45265.8125,-0.239,-0.1,5.796,1,1,0.025,ministy
41,23,11,8347600000,1,5454.883606,0,-0.223,-0.239,-0.239,1,1,0.025,ministy
41,24,12,8347600000,1,23437.59766,5454.883606,-0.167,-0.223,-0.211,1,1,0.025,ministy
41,25,1,5380900000,1,0,23437.59766,-0.239,-0.167,-0.239,1,1,0,ministy
41,26,2,5380900000,1,0,0,-0.239,-0.239,-0.103,1,1,0,ministy
41,27,3,5380900000,1,6258.088379,0,-0.22,-0.239,-0.199,0,1,0,ministy
41,28,4,5380900000,1,1587.209351,6258.088379,-0.234,-0.22,-0.114,1,1,0,ministy
41,29,5,5380900000,1,36926.33215,1587.209351,-0.125,-0.234,-0.239,1,1,0,ministy
41,30,6,5380900000,1,6749.297607,36926.33215,-0.219,-0.125,-0.21,1,1,0,ministy
51,1,1,491300000,0,214541.2285,0,0.183,-0.285,0.197,0,1,0.977,ministy
51,2,2,491300000,0,20526.55151,214541.2285,-0.24,0.183,-0.199,0,1,0.977,ministy
51,3,3,491300000,0,25034.12146,20526.55151,-0.23,-0.24,0.454,0,1,0.977,ministy
51,4,4,491300000,0,109462.8644,25034.12146,-0.046,-0.23,-0.028,0,1,0.977,ministy
51,5,5,491300000,0,1010811.58,109462.8644,1.92,-0.046,3.635,0,1,0.977,ministy
51,6,6,491300000,0,15846.08991,1010811.58,-0.25,1.92,2.722,0,1,0.977,ministy
51,7,7,491300000,0,20575.67432,15846.08991,-0.24,-0.25,-0.24,0,1,0.977,ministy
51,8,8,491300000,0,9104.069824,20575.67432,-0.265,-0.24,-0.262,0,1,0.977,ministy
51,9,9,491300000,0,0,9104.069824,-0.285,-0.265,-0.265,0,1,0.977,ministy
51,10,10,491300000,0,0,0,-0.285,-0.285,-0.268,0,1,0.977,ministy
51,11,11,491300000,0,10029.06934,0,-0.263,-0.285,-0.285,0,1,0.977,ministy
51,12,12,491300000,0,0,10029.06934,-0.285,-0.263,-0.285,0,1,0.977,ministy
51,13,1,508600000,0,23733.64624,0,-0.233,-0.285,0.183,0,1,0.964,ministy
51,14,2,508600000,0,34822.93469,23733.64624,-0.209,-0.233,-0.24,0,1,0.964,ministy
51,15,3,508600000,0,2614217.74,34822.93469,5.417,-0.209,-0.23,0,1,0.964,ministy
51,16,4,508600000,0,197377.4103,2614217.74,0.146,5.417,-0.046,0,1,0.964,ministy
51,17,5,508600000,0,30885.51221,197377.4103,-0.218,0.146,1.92,0,1,0.964,ministy
51,18,6,508600000,0,25173.58179,30885.51221,-0.23,-0.218,-0.25,1,1,0.964,ministy
51,19,7,508600000,0,34976.31152,25173.58179,-0.209,-0.23,-0.24,1,1,0.964,ministy
51,20,8,508600000,1,0,34976.31152,-0.285,-0.209,-0.265,1,1,0.964,ministy
51,21,9,508600000,1,5479.534668,0,-0.273,-0.285,-0.285,1,1,0.964,ministy
51,22,10,508600000,1,15274.36768,5479.534668,-0.252,-0.273,-0.285,1,1,0.964,ministy
51,23,11,508600000,1,0,15274.36768,-0.285,-0.252,-0.263,1,1,0.964,ministy
51,24,12,508600000,1,29366.09595,0,-0.221,-0.285,-0.285,1,1,0.964,ministy
51,25,1,587100000,1,23227.9325,29366.09595,-0.234,-0.221,-0.233,1,1,0.96,ministy
51,26,2,587100000,1,7354.183594,23227.9325,-0.269,-0.234,-0.209,1,1,0.96,ministy
51,27,3,587100000,1,77676.34754,7354.183594,-0.115,-0.269,5.417,1,1,0.96,ministy
51,28,4,587100000,1,27072.18188,77676.34754,-0.226,-0.115,0.146,1,1,0.96,ministy
51,29,5,587100000,1,41915.52686,27072.18188,-0.193,-0.226,-0.218,1,1,0.96,ministy
51,30,6,587100000,1,17595.01337,41915.52686,-0.247,-0.193,-0.23,1,1,0.96,ministy
52,1,1,4015000000,0,18508.45325,107071.3594,-0.219,0.001,-0.265,0,1,0.608,ministy
52,2,2,4015000000,0,0,18508.45325,-0.265,-0.219,-0.232,0,1,0.608,ministy
52,3,3,4015000000,0,114678.834,0,0.02,-0.265,-0.225,0,1,0.608,ministy
52,4,4,4015000000,0,9859.97702,114678.834,-0.241,0.02,-0.265,0,1,0.608,ministy
52,5,5,4015000000,0,85146.41003,9859.97702,-0.053,-0.241,-0.265,0,1,0.608,ministy
52,6,6,4015000000,0,95225.11523,85146.41003,-0.028,-0.053,-0.265,0,1,0.608,ministy
52,7,7,4015000000,0,11604.31641,95225.11523,-0.236,-0.028,-0.265,0,1,0.608,ministy
52,8,8,4015000000,0,0,11604.31641,-0.265,-0.236,-0.254,0,1,0.608,ministy
52,9,9,4015000000,0,114500.2314,0,0.02,-0.265,-0.079,0,1,0.608,ministy
52,10,10,4015000000,0,0,114500.2314,-0.265,0.02,-0.258,0,1,0.608,ministy
52,11,11,4015000000,0,0,0,-0.265,-0.265,0.007,0,1,0.608,ministy
52,12,12,4015000000,0,113341.1938,0,0.017,-0.265,0.001,0,1,0.608,ministy
52,13,1,4117000000,0,0,113341.1938,-0.265,0.017,-0.219,0,1,0.578,ministy
52,14,2,4117000000,0,9302.325195,0,-0.242,-0.265,-0.265,0,1,0.578,ministy
52,15,3,4117000000,0,8780.930664,9302.325195,-0.243,-0.242,0.02,0,1,0.578,ministy
52,16,4,4117000000,0,13096.87866,8780.930664,-0.233,-0.243,-0.241,0,1,0.578,ministy
52,17,5,4117000000,0,0,13096.87866,-0.265,-0.233,-0.053,0,1,0.578,ministy
52,18,6,4117000000,0,3906.976807,0,-0.256,-0.265,-0.028,0,1,0.578,ministy
52,19,7,4117000000,0,1739.534912,3906.976807,-0.261,-0.256,-0.236,1,1,0.578,ministy
52,20,8,4117000000,1,172006.7953,1739.534912,0.163,-0.261,-0.265,1,1,0.578,ministy
52,21,9,4117000000,1,139390.3852,172006.7953,0.082,0.163,0.02,1,1,0.578,ministy
52,22,10,4117000000,1,0,139390.3852,-0.265,0.082,-0.265,0,1,0.578,ministy
52,23,11,4117000000,1,104648.6174,0,-0.005,-0.265,-0.265,0,1,0.578,ministy
52,24,12,4117000000,1,113205.8342,104648.6174,0.016,-0.005,0.017,1,1,0.578,ministy
52,25,1,4387500000,1,102389.5046,113205.8342,-0.01,0.016,-0.265,1,1,0.705,ministy
52,26,2,4387500000,1,2667.20929,102389.5046,-0.259,-0.01,-0.242,1,1,0.705,ministy
52,27,3,4387500000,1,2431857.825,2667.20929,5.786,-0.259,-0.243,0,1,0.705,ministy
52,28,4,4387500000,1,2080.986084,2431857.825,-0.26,5.786,-0.233,0,1,0.705,ministy
52,29,5,4387500000,1,0,2080.986084,-0.265,-0.26,-0.265,0,1,0.705,ministy
52,30,6,4387500000,1,23322.89307,0,-0.207,-0.265,-0.256,0,1,0.705,ministy
53,1,1,21408000000,0,3180579.641,1559472.809,4.104,1.711,-0.095,0,1,0.884,ministy
53,2,2,21408000000,0,207908.7907,3180579.641,-0.285,4.104,-0.249,0,1,0.884,ministy
53,3,3,21408000000,0,38280.90079,207908.7907,-0.535,-0.285,-0.51,0,1,0.884,ministy
53,4,4,21408000000,0,38241.39532,38280.90079,-0.535,-0.535,-0.505,0,1,0.884,ministy
53,5,5,21408000000,0,64227.47622,38241.39532,-0.497,-0.535,-0.336,0,1,0.884,ministy
53,6,6,21408000000,0,56997.80682,64227.47622,-0.508,-0.497,2.503,0,1,0.884,ministy
53,7,7,21408000000,0,103406.4579,56997.80682,-0.439,-0.508,0.316,0,1,0.884,ministy
53,8,8,21408000000,0,221480.0049,103406.4579,-0.265,-0.439,-0.448,0,1,0.884,ministy
53,9,9,21408000000,0,41787.99756,221480.0049,-0.53,-0.265,2.901,0,1,0.884,ministy
53,10,10,21408000000,0,16636.47437,41787.99756,-0.567,-0.53,0.124,0,1,0.884,ministy
53,11,11,21408000000,0,37647.1427,16636.47437,-0.536,-0.567,0.392,0,1,0.884,ministy
53,12,12,21408000000,0,254057.6816,37647.1427,-0.217,-0.536,1.711,0,1,0.884,ministy
53,13,1,22235000000,0,562554.2305,254057.6816,0.239,-0.217,4.104,0,1,0.877,ministy
53,14,2,22235000000,0,162061.3635,562554.2305,-0.353,0.239,-0.285,0,1,0.877,ministy
53,15,3,22235000000,0,20872.80007,162061.3635,-0.561,-0.353,-0.535,0,1,0.877,ministy
53,16,4,22235000000,0,41957.88837,20872.80007,-0.53,-0.561,-0.535,0,1,0.877,ministy
53,17,5,22235000000,0,51944.60224,41957.88837,-0.515,-0.53,-0.497,0,1,0.877,ministy
53,18,6,22235000000,0,12338.46741,51944.60224,-0.574,-0.515,-0.508,0,1,0.877,ministy
53,19,7,22235000000,0,9615.995483,12338.46741,-0.578,-0.574,-0.439,1,1,0.877,ministy
53,20,8,22235000000,1,726639.4597,9615.995483,0.481,-0.578,-0.265,0,1,0.877,ministy
53,21,9,22235000000,1,45658.70947,726639.4597,-0.524,0.481,-0.53,0,1,0.877,ministy
53,22,10,22235000000,1,87997.39079,45658.70947,-0.462,-0.524,-0.567,0,1,0.877,ministy
53,23,11,22235000000,1,519593.1586,87997.39079,0.175,-0.462,-0.536,0,1,0.877,ministy
53,24,12,22235000000,1,589606.6965,519593.1586,0.279,0.175,-0.217,0,1,0.877,ministy
53,25,1,24137300000,1,142037.2708,589606.6965,-0.382,0.279,0.239,0,1,0.872,ministy
53,26,2,24137300000,1,801342.4521,142037.2708,0.591,-0.382,-0.353,0,1,0.872,ministy
53,27,3,24137300000,1,164642.2482,801342.4521,-0.349,0.591,-0.561,0,1,0.872,ministy
53,28,4,24137300000,1,86092.83551,164642.2482,-0.465,-0.349,-0.53,0,1,0.872,ministy
53,29,5,24137300000,1,2462173.761,86092.83551,3.044,-0.465,-0.515,0,1,0.872,ministy
53,30,6,24137300000,1,1385065.735,2462173.761,1.453,3.044,-0.574,0,1,0.872,ministy
54,1,1,39055000000,0,73944.45483,94730.9953,-0.607,-0.564,-0.618,0,1,0.966,ministy
54,2,2,39055000000,0,110028.5176,73944.45483,-0.532,-0.607,-0.398,0,1,0.966,ministy
54,3,3,39055000000,0,128507.7657,110028.5176,-0.493,-0.532,-0.426,0,1,0.966,ministy
54,4,4,39055000000,0,248425.3411,128507.7657,-0.243,-0.493,-0.065,0,1,0.966,ministy
54,5,5,39055000000,0,168324.2852,248425.3411,-0.41,-0.243,-0.356,0,1,0.966,ministy
54,6,6,39055000000,0,90901.25484,168324.2852,-0.572,-0.41,-0.1,0,1,0.966,ministy
54,7,7,39055000000,0,136791.3307,90901.25484,-0.476,-0.572,-0.351,0,1,0.966,ministy
54,8,8,39055000000,0,120899.2317,136791.3307,-0.509,-0.476,-0.556,0,1,0.966,ministy
54,9,9,39055000000,0,50464.60822,120899.2317,-0.656,-0.509,-0.584,0,1,0.966,ministy
54,10,10,39055000000,0,469129.5393,50464.60822,0.218,-0.656,0.156,0,1,0.966,ministy
54,11,11,39055000000,0,197285.213,469129.5393,-0.349,0.218,0.037,0,1,0.966,ministy
54,12,12,39055000000,0,128082.0104,197285.213,-0.494,-0.349,-0.564,0,1,0.966,ministy
54,13,1,41569000000,0,277068.4344,128082.0104,-0.183,-0.494,-0.607,0,1,0.966,ministy
54,14,2,41569000000,0,211429.5265,277068.4344,-0.32,-0.183,-0.532,0,1,0.966,ministy
54,15,3,41569000000,0,241945.3694,211429.5265,-0.256,-0.32,-0.493,0,1,0.966,ministy
54,16,4,41569000000,0,357344.3119,241945.3694,-0.015,-0.256,-0.243,0,1,0.966,ministy
54,17,5,41569000000,0,611605.3984,357344.3119,0.516,-0.015,-0.41,0,1,0.966,ministy
54,18,6,41569000000,0,324421.8484,611605.3984,-0.084,0.516,-0.572,0,1,0.966,ministy
54,19,7,41569000000,0,289876.0729,324421.8484,-0.156,-0.084,-0.476,0,1,0.966,ministy
54,20,8,41569000000,1,674446.9186,289876.0729,0.647,-0.156,-0.509,1,1,0.966,ministy
54,21,9,41569000000,1,427546.8323,674446.9186,0.131,0.647,-0.656,1,1,0.966,ministy
54,22,10,41569000000,1,32207.04394,427546.8323,-0.694,0.131,0.218,1,1,0.966,ministy
54,23,11,41569000000,1,310263.158,32207.04394,-0.114,-0.694,-0.349,0,1,0.966,ministy
54,24,12,41569000000,1,244914.3738,310263.158,-0.25,-0.114,-0.494,0,1,0.966,ministy
54,25,1,45970300000,1,133321.2209,244914.3738,-0.483,-0.25,-0.183,0,1,0.965,ministy
54,26,2,45970300000,1,494587.3989,133321.2209,0.271,-0.483,-0.32,1,1,0.965,ministy
54,27,3,45970300000,1,2429011.764,494587.3989,4.311,0.271,-0.256,1,1,0.965,ministy
54,28,4,45970300000,1,510693.7092,2429011.764,0.305,4.311,-0.015,0,1,0.965,ministy
54,29,5,45970300000,1,1946552.413,510693.7092,3.304,0.305,0.516,0,1,0.965,ministy
54,30,6,45970300000,1,258316.2058,1946552.413,-0.222,3.304,-0.084,1,1,0.965,ministy
55,1,1,4194000000,0,15781.43524,13729.98849,-0.52,-0.523,2.34,0,1,0.995,ministy
55,2,2,4194000000,0,218195.3223,15781.43524,-0.24,-0.52,2.423,0,1,0.995,ministy
55,3,3,4194000000,0,139048.6989,218195.3223,-0.349,-0.24,-0.524,0,1,0.995,ministy
55,4,4,4194000000,0,1713922.473,139048.6989,1.836,-0.349,-0.504,0,1,0.995,ministy
55,5,5,4194000000,0,949538.23,1713922.473,0.775,1.836,-0.538,0,1,0.995,ministy
55,6,6,4194000000,0,32429.94002,949538.23,-0.497,0.775,-0.531,0,1,0.995,ministy
55,7,7,4194000000,0,85636.63525,32429.94002,-0.424,-0.497,-0.382,0,1,0.995,ministy
55,8,8,4194000000,0,1791567.098,85636.63525,1.944,-0.424,-0.464,0,1,0.995,ministy
55,9,9,4194000000,0,55405.87988,1791567.098,-0.465,1.944,-0.192,0,1,0.995,ministy
55,10,10,4194000000,0,29214.35321,55405.87988,-0.502,-0.465,-0.3,0,1,0.995,ministy
55,11,11,4194000000,0,3906.976807,29214.35321,-0.537,-0.502,-0.295,0,1,0.995,ministy
55,12,12,4194000000,0,54331.97699,3906.976807,-0.467,-0.537,-0.523,0,1,0.995,ministy
55,13,1,4359000000,0,27884.86993,54331.97699,-0.504,-0.467,-0.52,0,1,0.997,ministy
55,14,2,4359000000,0,12428.13,27884.86993,-0.525,-0.504,-0.24,0,1,0.997,ministy
55,15,3,4359000000,0,27696.27643,12428.13,-0.504,-0.525,-0.349,0,1,0.997,ministy
55,16,4,4359000000,0,245375.9532,27696.27643,-0.202,-0.504,1.836,0,1,0.997,ministy
55,17,5,4359000000,0,89919.04146,245375.9532,-0.418,-0.202,0.775,0,1,0.997,ministy
55,18,6,4359000000,0,988794.6521,89919.04146,0.83,-0.418,-0.497,0,1,0.997,ministy
55,19,7,4359000000,0,933923.4465,988794.6521,0.754,0.83,-0.424,1,1,0.997,ministy
55,20,8,4359000000,1,17465.62781,933923.4465,-0.518,0.754,1.944,0,1,0.997,ministy
55,21,9,4359000000,1,3106.976868,17465.62781,-0.538,-0.518,-0.465,1,1,0.997,ministy
55,22,10,4359000000,1,29353.66553,3106.976868,-0.502,-0.538,-0.502,1,1,0.997,ministy
55,23,11,4359000000,1,62991.34888,29353.66553,-0.455,-0.502,-0.537,0,1,0.997,ministy
55,24,12,4359000000,1,26015.13226,62991.34888,-0.506,-0.455,-0.467,1,1,0.997,ministy
55,25,1,4124400000,1,10337.20923,26015.13226,-0.528,-0.506,-0.504,1,1,0.997,ministy
55,26,2,4124400000,1,0,10337.20923,-0.542,-0.528,-0.525,1,1,0.997,ministy
55,27,3,4124400000,1,40949.14624,0,-0.486,-0.542,-0.504,0,1,0.997,ministy
55,28,4,4124400000,1,41096.19324,40949.14624,-0.485,-0.486,-0.202,0,1,0.997,ministy
55,29,5,4124400000,1,28592.48828,41096.19324,-0.503,-0.485,-0.418,0,1,0.997,ministy
55,30,6,4124400000,1,1493575.588,28592.48828,1.53,-0.503,0.83,0,1,0.997,ministy
56,1,1,11539000000,0,47150.21842,602553.5927,-0.691,-0.164,-0.165,0,1,0.987,ministy
56,2,2,11539000000,0,11608.95557,47150.21842,-0.724,-0.691,-0.328,0,1,0.987,ministy
56,3,3,11539000000,0,25667.66925,11608.95557,-0.711,-0.724,1.678,0,1,0.987,ministy
56,4,4,11539000000,0,72175.60527,25667.66925,-0.667,-0.711,-0.308,0,1,0.987,ministy
56,5,5,11539000000,0,212958.2941,72175.60527,-0.533,-0.667,-0.271,0,1,0.987,ministy
56,6,6,11539000000,0,179319.0728,212958.2941,-0.565,-0.533,-0.243,0,1,0.987,ministy
56,7,7,11539000000,0,241427.7796,179319.0728,-0.506,-0.565,-0.284,0,1,0.987,ministy
56,8,8,11539000000,0,2365194.776,241427.7796,1.509,-0.506,-0.285,0,1,0.987,ministy
56,9,9,11539000000,0,277062.4456,2365194.776,-0.472,1.509,-0.219,0,1,0.987,ministy
56,10,10,11539000000,0,993649.0097,277062.4456,0.207,-0.472,-0.276,0,1,0.987,ministy
56,11,11,11539000000,0,599215.1602,993649.0097,-0.167,0.207,0.413,0,1,0.987,ministy
56,12,12,11539000000,0,298377.3896,599215.1602,-0.452,-0.167,-0.164,0,1,0.987,ministy
56,13,1,13624000000,0,237324.4953,298377.3896,-0.51,-0.452,-0.691,0,1,0.992,ministy
56,14,2,13624000000,0,994411.404,237324.4953,0.208,-0.51,-0.724,0,1,0.992,ministy
56,15,3,13624000000,0,526268.4304,994411.404,-0.236,0.208,-0.711,0,1,0.992,ministy
56,16,4,13624000000,0,91577.53122,526268.4304,-0.648,-0.236,-0.667,0,1,0.992,ministy
56,17,5,13624000000,0,31048.63733,91577.53122,-0.706,-0.648,-0.533,0,1,0.992,ministy
56,18,6,13624000000,0,4905595.695,31048.63733,3.919,-0.706,-0.565,0,1,0.992,ministy
56,19,7,13624000000,0,1372514.528,4905595.695,0.567,3.919,-0.506,0,1,0.992,ministy
56,20,8,13624000000,1,1085336.157,1372514.528,0.294,0.567,1.509,0,1,0.992,ministy
56,21,9,13624000000,1,2196442.22,1085336.157,1.349,0.294,-0.472,0,1,0.992,ministy
56,22,10,13624000000,1,622226.2765,2196442.22,-0.145,1.349,0.207,0,1,0.992,ministy
56,23,11,13624000000,1,634356.6251,622226.2765,-0.133,-0.145,-0.167,0,1,0.992,ministy
56,24,12,13624000000,1,2919508.605,634356.6251,2.035,-0.133,-0.452,0,1,0.992,ministy
56,25,1,14555000000,1,147247.3441,2919508.605,-0.596,2.035,-0.51,0,1,0.987,ministy
56,26,2,14555000000,1,50378.60571,147247.3441,-0.688,-0.596,0.208,0,1,0.987,ministy
56,27,3,14555000000,1,410549.0079,50378.60571,-0.346,-0.688,-0.236,1,1,0.987,ministy
56,28,4,14555000000,1,2160035.9,410549.0079,1.314,-0.346,-0.648,0,1,0.987,ministy
56,29,5,14555000000,1,2192199.153,2160035.9,1.345,1.314,-0.706,0,1,0.987,ministy
56,30,6,14555000000,1,164964.511,2192199.153,-0.579,1.345,3.919,0,1,0.987,ministy
57,1,1,503300000,0,491535.4624,532555.6837,-0.159,-0.114,-0.404,0,0,0.988,ministy
57,2,2,503300000,0,229434.3508,491535.4624,-0.447,-0.159,-0.566,0,0,0.988,ministy
57,3,3,503300000,0,78625.84361,229434.3508,-0.612,-0.447,-0.668,0,0,0.988,ministy
57,4,4,503300000,0,22186.38141,78625.84361,-0.674,-0.612,-0.698,0,0,0.988,ministy
57,5,5,503300000,0,313645.6966,22186.38141,-0.354,-0.674,-0.587,0,0,0.988,ministy
57,6,6,503300000,0,513106.1925,313645.6966,-0.135,-0.354,-0.698,0,0,0.988,ministy
57,7,7,503300000,0,246933.7906,513106.1925,-0.427,-0.135,-0.696,0,0,0.988,ministy
57,8,8,503300000,0,229978.645,246933.7906,-0.446,-0.427,-0.669,0,0,0.988,ministy
57,9,9,503300000,0,1192.558105,229978.645,-0.697,-0.446,-0.643,0,0,0.988,ministy
57,10,10,503300000,0,321337.1408,1192.558105,-0.346,-0.697,-0.625,0,0,0.988,ministy
57,11,11,503300000,0,193350.9869,321337.1408,-0.486,-0.346,-0.576,0,0,0.988,ministy
57,12,12,503300000,0,287250.9297,193350.9869,-0.383,-0.486,-0.114,0,0,0.988,ministy
57,13,1,568400000,0,664767.6342,287250.9297,0.031,-0.383,-0.159,0,0,0.987,ministy
57,14,2,568400000,0,716874.9706,664767.6342,0.088,0.031,-0.447,0,0,0.987,ministy
57,15,3,568400000,0,2394601.439,716874.9706,1.927,0.088,-0.612,0,0,0.987,ministy
57,16,4,568400000,0,812224.9322,2394601.439,0.192,1.927,-0.674,0,0,0.987,ministy
57,17,5,568400000,0,241238.0628,812224.9322,-0.434,0.192,-0.354,0,0,0.987,ministy
57,18,6,568400000,0,418287.891,241238.0628,-0.239,-0.434,-0.135,0,0,0.987,ministy
57,19,7,568400000,0,575160.7062,418287.891,-0.067,-0.239,-0.427,0,0,0.987,ministy
57,20,8,568400000,1,682567.3921,575160.7062,0.05,-0.067,-0.446,0,0,0.987,ministy
57,21,9,568400000,1,272313.5938,682567.3921,-0.399,0.05,-0.697,0,0,0.987,ministy
57,22,10,568400000,1,903650.6599,272313.5938,0.293,-0.399,-0.346,0,0,0.987,ministy
57,23,11,568400000,1,661938.8255,903650.6599,0.028,0.293,-0.486,0,0,0.987,ministy
57,24,12,568400000,1,136811.166,661938.8255,-0.548,0.028,-0.383,0,0,0.987,ministy
57,25,1,583300000,1,209325.9061,136811.166,-0.469,-0.548,0.031,0,0,0.986,ministy
57,26,2,583300000,1,160737.3975,209325.9061,-0.522,-0.469,0.088,0,0,0.986,ministy
57,27,3,583300000,1,1116933.342,160737.3975,0.527,-0.522,1.927,0,0,0.986,ministy
57,28,4,583300000,1,26089.76758,1116933.342,-0.669,0.527,0.192,0,0,0.986,ministy
57,29,5,583300000,1,123090.5354,26089.76758,-0.563,-0.669,-0.434,0,0,0.986,ministy
57,30,6,583300000,1,19404.00513,123090.5354,-0.677,-0.563,-0.239,0,0,0.986,ministy
58,1,1,4254000000,0,1548535.626,443242.2033,0.045,-0.59,-0.822,0,1,0.832,ministy
58,2,2,4254000000,0,888057.4277,1548535.626,-0.335,0.045,-0.819,0,1,0.832,ministy
58,3,3,4254000000,0,170956.0844,888057.4277,-0.747,-0.335,-0.67,0,1,0.832,ministy
58,4,4,4254000000,0,1917295,170956.0844,0.257,-0.747,-0.755,0,1,0.832,ministy
58,5,5,4254000000,0,1365325.026,1917295,-0.06,0.257,-0.819,0,1,0.832,ministy
58,6,6,4254000000,0,377122.5184,1365325.026,-0.628,-0.06,-0.831,0,1,0.832,ministy
58,7,7,4254000000,0,241824.3877,377122.5184,-0.706,-0.628,-0.784,0,1,0.832,ministy
58,8,8,4254000000,0,205756.683,241824.3877,-0.727,-0.706,-0.807,0,1,0.832,ministy
58,9,9,4254000000,0,691414.7932,205756.683,-0.448,-0.727,-0.089,0,1,0.832,ministy
58,10,10,4254000000,0,146450.6097,691414.7932,-0.761,-0.448,-0.75,0,1,0.832,ministy
58,11,11,4254000000,0,2247837.795,146450.6097,0.447,-0.761,-0.677,0,1,0.832,ministy
58,12,12,4254000000,0,3737892.599,2247837.795,1.304,0.447,-0.59,0,1,0.832,ministy
58,13,1,4754600000,0,1491189.142,3737892.599,0.012,1.304,0.045,0,1,0.89,ministy
58,14,2,4754600000,0,1075470.422,1491189.142,-0.227,0.012,-0.335,0,1,0.89,ministy
58,15,3,4754600000,0,1367488.33,1075470.422,-0.059,-0.227,-0.747,0,1,0.89,ministy
58,16,4,4754600000,0,669595.4851,1367488.33,-0.46,-0.059,0.257,0,1,0.89,ministy
58,17,5,4754600000,0,3888161.342,669595.4851,1.39,-0.46,-0.06,0,1,0.89,ministy
58,18,6,4754600000,0,905351.3709,3888161.342,-0.325,1.39,-0.628,1,1,0.89,ministy
58,19,7,4754600000,0,631415.7436,905351.3709,-0.482,-0.325,-0.706,1,1,0.89,ministy
58,20,8,4754600000,1,924605.2707,631415.7436,-0.314,-0.482,-0.727,1,1,0.89,ministy
58,21,9,4754600000,1,733038.3417,924605.2707,-0.424,-0.314,-0.448,1,1,0.89,ministy
58,22,10,4754600000,1,447248.4643,733038.3417,-0.588,-0.424,-0.761,1,1,0.89,ministy
58,23,11,4754600000,1,4857830.871,447248.4643,1.948,-0.588,0.447,1,1,0.89,ministy
58,24,12,4754600000,1,1644718.375,4857830.871,0.1,1.948,1.304,1,1,0.89,ministy
58,25,1,4972400000,1,1163656.518,1644718.375,-0.176,0.1,0.012,1,1,0.839,ministy
58,26,2,4972400000,1,340673.1973,1163656.518,-0.649,-0.176,-0.227,0,1,0.839,ministy
58,27,3,4972400000,1,485133.5402,340673.1973,-0.566,-0.649,-0.059,1,1,0.839,ministy
58,28,4,4972400000,1,258823.1737,485133.5402,-0.696,-0.566,-0.46,1,1,0.839,ministy
58,29,5,4972400000,1,259816.4031,258823.1737,-0.696,-0.696,1.39,1,1,0.839,ministy
58,30,6,4972400000,1,613031.5956,259816.4031,-0.493,-0.696,-0.325,1,1,0.839,ministy
59,1,1,256100000,0,0,1939.534973,-0.506,-0.286,-0.506,0,0,1,independent_agency
59,2,2,256100000,0,17448.99512,0,1.469,-0.506,3.625,0,0,1,independent_agency
59,3,3,256100000,0,0,17448.99512,-0.506,1.469,0.188,0,0,1,independent_agency
59,4,4,256100000,0,0,0,-0.506,-0.506,-0.506,0,0,1,independent_agency
59,5,5,256100000,0,1939.534973,0,-0.286,-0.506,-0.359,0,0,1,independent_agency
59,6,6,256100000,0,16360.3512,1939.534973,1.345,-0.286,-0.506,0,0,1,independent_agency
59,7,7,256100000,0,0,16360.3512,-0.506,1.345,-0.506,0,0,1,independent_agency
59,8,8,256100000,0,5662.21875,0,0.135,-0.506,-0.506,0,0,1,independent_agency
59,9,9,256100000,0,14643.96777,5662.21875,1.151,0.135,-0.506,0,0,1,independent_agency
59,10,10,256100000,0,0,14643.96777,-0.506,1.151,-0.506,0,0,1,independent_agency
59,11,11,256100000,0,0,0,-0.506,-0.506,-0.506,0,0,1,independent_agency
59,12,12,256100000,0,1939.534973,0,-0.286,-0.506,-0.286,0,0,1,independent_agency
59,13,1,246000000,0,0,1939.534973,-0.506,-0.286,-0.506,0,0,1,independent_agency
59,14,2,246000000,0,0,0,-0.506,-0.506,1.469,0,0,1,independent_agency
59,15,3,246000000,0,753.488388,0,-0.42,-0.506,-0.506,0,0,1,independent_agency
59,16,4,246000000,0,0,753.488388,-0.506,-0.42,-0.506,0,0,1,independent_agency
59,17,5,246000000,0,0,0,-0.506,-0.506,-0.286,0,0,1,independent_agency
59,18,6,246000000,0,0,0,-0.506,-0.506,1.345,0,0,1,independent_agency
59,19,7,246000000,0,1939.534973,0,-0.286,-0.506,-0.506,0,0,1,independent_agency
59,20,8,246000000,1,0,1939.534973,-0.506,-0.286,0.135,0,0,1,independent_agency
59,21,9,246000000,1,952.325562,0,-0.398,-0.506,1.151,0,0,1,independent_agency
59,22,10,246000000,1,3281.562744,952.325562,-0.134,-0.398,-0.506,0,0,1,independent_agency
59,23,11,246000000,1,1057.893066,3281.562744,-0.386,-0.134,-0.506,0,0,1,independent_agency
59,24,12,246000000,1,13847.71164,1057.893066,1.061,-0.386,-0.286,0,0,1,independent_agency
59,25,1,273200000,1,0,13847.71164,-0.506,1.061,-0.506,0,0,1,independent_agency
59,26,2,273200000,1,0,0,-0.506,-0.506,-0.506,0,0,1,independent_agency
59,27,3,273200000,1,598.604675,0,-0.438,-0.506,-0.42,0,0,1,independent_agency
59,28,4,273200000,1,0,598.604675,-0.506,-0.438,-0.506,0,0,1,independent_agency
59,29,5,273200000,1,18428.63757,0,1.579,-0.506,-0.506,0,0,1,independent_agency
59,30,6,273200000,1,1779.069763,18428.63757,-0.304,1.579,-0.506,0,0,1,independent_agency
60,1,1,1347000000,0,29718.88867,113961.9659,-0.585,-0.451,-0.353,0,0,0.996,ministy
60,2,2,1347000000,0,242790.4604,29718.88867,-0.246,-0.585,1.266,0,0,0.996,ministy
60,3,3,1347000000,0,534534.3603,242790.4604,0.219,-0.246,-0.598,0,0,0.996,ministy
60,4,4,1347000000,0,540833.5846,534534.3603,0.229,0.219,-0.255,0,0,0.996,ministy
60,5,5,1347000000,0,285145.1997,540833.5846,-0.178,0.229,-0.466,0,0,0.996,ministy
60,6,6,1347000000,0,13936.04614,285145.1997,-0.61,-0.178,-0.464,0,0,0.996,ministy
60,7,7,1347000000,0,68047.50659,13936.04614,-0.524,-0.61,-0.609,0,0,0.996,ministy
60,8,8,1347000000,0,49362.63635,68047.50659,-0.554,-0.524,-0.32,0,0,0.996,ministy
60,9,9,1347000000,0,165738.7266,49362.63635,-0.368,-0.554,-0.587,0,0,0.996,ministy
60,10,10,1347000000,0,139067.4274,165738.7266,-0.411,-0.368,-0.601,0,0,0.996,ministy
60,11,11,1347000000,0,274585.382,139067.4274,-0.195,-0.411,-0.385,0,0,0.996,ministy
60,12,12,1347000000,0,114769.1653,274585.382,-0.45,-0.195,-0.451,0,0,0.996,ministy
60,13,1,1455100000,0,51992.02454,114769.1653,-0.55,-0.45,-0.585,0,0,0.995,ministy
60,14,2,1455100000,0,1137019.568,51992.02454,1.178,-0.55,-0.246,0,0,0.995,ministy
60,15,3,1455100000,0,147334.4155,1137019.568,-0.398,1.178,0.219,0,0,0.995,ministy
60,16,4,1455100000,0,264409.0477,147334.4155,-0.211,-0.398,0.229,0,0,0.995,ministy
60,17,5,1455100000,0,190525.3936,264409.0477,-0.329,-0.211,-0.178,0,0,0.995,ministy
60,18,6,1455100000,0,34688.52165,190525.3936,-0.577,-0.329,-0.61,0,0,0.995,ministy
60,19,7,1455100000,0,177970.1666,34688.52165,-0.349,-0.577,-0.524,0,0,0.995,ministy
60,20,8,1455100000,1,290578.4359,177970.1666,-0.17,-0.349,-0.554,0,0,0.995,ministy
60,21,9,1455100000,1,74105.61829,290578.4359,-0.514,-0.17,-0.368,0,0,0.995,ministy
60,22,10,1455100000,1,58727.90747,74105.61829,-0.539,-0.514,-0.411,0,0,0.995,ministy
60,23,11,1455100000,1,301197.7301,58727.90747,-0.153,-0.539,-0.195,0,0,0.995,ministy
60,24,12,1455100000,1,601684.3297,301197.7301,0.325,-0.153,-0.45,0,0,0.995,ministy
60,25,1,1605800000,1,303207.2077,601684.3297,-0.15,0.325,-0.55,0,0,0.996,ministy
60,26,2,1605800000,1,31714.94434,303207.2077,-0.582,-0.15,1.178,0,0,0.996,ministy
60,27,3,1605800000,1,542769.4233,31714.94434,0.232,-0.582,-0.398,0,0,0.996,ministy
60,28,4,1605800000,1,60285.68023,542769.4233,-0.536,0.232,-0.211,0,0,0.996,ministy
60,29,5,1605800000,1,304911.068,60285.68023,-0.147,-0.536,-0.329,0,0,0.996,ministy
60,30,6,1605800000,1,3013783.333,304911.068,4.165,-0.147,-0.577,0,0,0.996,ministy
61,1,1,1200000000,0,0,0,-0.446,-0.446,-0.446,0,1,0,semi-autonomous
61,2,2,1200000000,0,600.930237,0,-0.409,-0.446,-0.446,0,1,0,semi-autonomous
61,3,3,1200000000,0,4574.883789,600.930237,-0.159,-0.409,-0.213,0,1,0,semi-autonomous
61,4,4,1200000000,0,0,4574.883789,-0.446,-0.159,5.122,0,1,0,semi-autonomous
61,5,5,1200000000,0,0,0,-0.446,-0.446,-0.08,0,1,0,semi-autonomous
61,6,6,1200000000,0,30925.34729,0,1.496,-0.446,-0.446,0,1,0,semi-autonomous
61,7,7,1200000000,0,0,30925.34729,-0.446,1.496,0.138,0,1,0,semi-autonomous
61,8,8,1200000000,0,465.116272,0,-0.417,-0.446,1.092,0,1,0,semi-autonomous
61,9,9,1200000000,0,9023.255859,465.116272,0.12,-0.417,0.963,0,1,0,semi-autonomous
61,10,10,1200000000,0,17350.23242,9023.255859,0.643,0.12,-0.446,0,1,0,semi-autonomous
61,11,11,1200000000,0,0,17350.23242,-0.446,0.643,-0.446,0,1,0,semi-autonomous
61,12,12,1200000000,0,41982.79041,0,2.19,-0.446,-0.446,0,1,0,semi-autonomous
61,13,1,1105800000,0,0,41982.79041,-0.446,2.19,-0.446,0,1,0,semi-autonomous
61,14,2,1105800000,0,0,0,-0.446,-0.446,-0.409,0,1,0,semi-autonomous
61,15,3,1105800000,0,1046.511597,0,-0.381,-0.446,-0.159,0,1,0,semi-autonomous
61,16,4,1105800000,0,0,1046.511597,-0.446,-0.381,-0.446,0,1,0,semi-autonomous
61,17,5,1105800000,0,77772.27045,0,4.438,-0.446,-0.446,0,1,0,semi-autonomous
61,18,6,1105800000,0,5639.534668,77772.27045,-0.092,4.438,1.496,0,1,0,semi-autonomous
61,19,7,1105800000,0,19110,5639.534668,0.754,-0.092,-0.446,0,1,0,semi-autonomous
61,20,8,1105800000,1,24826.51172,19110,1.113,0.754,-0.417,0,1,0,semi-autonomous
61,21,9,1105800000,1,0,24826.51172,-0.446,1.113,0.12,0,1,0,semi-autonomous
61,22,10,1105800000,1,0,0,-0.446,-0.446,0.643,1,1,0,semi-autonomous
61,23,11,1105800000,1,0,0,-0.446,-0.446,-0.446,0,1,0,semi-autonomous
61,24,12,1105800000,1,0,0,-0.446,-0.446,2.19,0,1,0,semi-autonomous
61,25,1,1115000000,1,0,0,-0.446,-0.446,-0.446,0,1,0,semi-autonomous
61,26,2,1115000000,1,0,0,-0.446,-0.446,-0.446,0,1,0,semi-autonomous
61,27,3,1115000000,1,22500.93005,0,0.967,-0.446,-0.381,0,1,0,semi-autonomous
61,28,4,1115000000,1,0,22500.93005,-0.446,0.967,-0.446,0,1,0,semi-autonomous
61,29,5,1115000000,1,0,0,-0.446,-0.446,4.438,0,1,0,semi-autonomous
61,30,6,1115000000,1,0,0,-0.446,-0.446,-0.092,0,1,0,semi-autonomous
63,1,1,56400000,0,40310.52576,42093.13477,-0.492,-0.479,-0.187,0,0,0.996,ministy
63,2,2,56400000,0,57952.99271,40310.52576,-0.364,-0.492,-0.499,0,0,0.996,ministy
63,3,3,56400000,0,71601.68863,57952.99271,-0.265,-0.364,-0.41,0,0,0.996,ministy
63,4,4,56400000,0,54445.56195,71601.68863,-0.39,-0.265,-0.542,0,0,0.996,ministy
63,5,5,56400000,0,67239.01392,54445.56195,-0.297,-0.39,-0.453,0,0,0.996,ministy
63,6,6,56400000,0,51761.23236,67239.01392,-0.409,-0.297,-0.564,0,0,0.996,ministy
63,7,7,56400000,0,74148.93488,51761.23236,-0.247,-0.409,-0.573,0,0,0.996,ministy
63,8,8,56400000,0,44596.76257,74148.93488,-0.461,-0.247,-0.228,0,0,0.996,ministy
63,9,9,56400000,0,48591.97702,44596.76257,-0.432,-0.461,-0.572,0,0,0.996,ministy
63,10,10,56400000,0,48907.44626,48591.97702,-0.43,-0.432,-0.475,0,0,0.996,ministy
63,11,11,56400000,0,55257.87952,48907.44626,-0.384,-0.43,-0.629,0,0,0.996,ministy
63,12,12,56400000,0,46419.05618,55257.87952,-0.448,-0.384,-0.479,0,0,0.996,ministy
63,13,1,51400000,0,60927.52588,46419.05618,-0.343,-0.448,-0.492,0,0,1,ministy
63,14,2,51400000,0,95612.92862,60927.52588,-0.091,-0.343,-0.364,0,0,1,ministy
63,15,3,51400000,0,76151.70013,95612.92862,-0.232,-0.091,-0.265,0,0,1,ministy
63,16,4,51400000,0,69232.99353,76151.70013,-0.282,-0.232,-0.39,0,0,1,ministy
63,17,5,51400000,0,53770.74222,69232.99353,-0.395,-0.282,-0.297,0,0,1,ministy
63,18,6,51400000,0,56904.0141,53770.74222,-0.372,-0.395,-0.409,0,0,1,ministy
63,19,7,51400000,0,80722.76788,56904.0141,-0.199,-0.372,-0.247,0,0,1,ministy
63,20,8,51400000,1,75703.92883,80722.76788,-0.235,-0.199,-0.461,0,0,1,ministy
63,21,9,51400000,1,180491.2039,75703.92883,0.526,-0.235,-0.432,0,0,1,ministy
63,22,10,51400000,1,63284.1864,180491.2039,-0.326,0.526,-0.43,0,0,1,ministy
63,23,11,51400000,1,177732.6483,63284.1864,0.506,-0.326,-0.384,0,0,1,ministy
63,24,12,51400000,1,598593.1618,177732.6483,3.561,0.506,-0.448,0,0,1,ministy
63,25,1,61000000,1,521715.5555,598593.1618,3.003,3.561,-0.343,0,0,0.996,ministy
63,26,2,61000000,1,142896.2442,521715.5555,0.253,3.003,-0.091,0,0,0.996,ministy
63,27,3,61000000,1,68606.46268,142896.2442,-0.287,0.253,-0.232,0,0,0.996,ministy
63,28,4,61000000,1,13155.2561,68606.46268,-0.69,-0.287,-0.282,0,0,0.996,ministy
63,29,5,61000000,1,130299.332,13155.2561,0.161,-0.69,-0.395,0,0,0.996,ministy
63,30,6,61000000,1,59294.64665,130299.332,-0.355,0.161,-0.372,0,0,0.996,ministy
65,1,1,717542000,0,0,0,-0.701,-0.701,-0.528,0,0,0.716,ministy
65,2,2,717542000,0,0,0,-0.701,-0.701,-0.666,0,0,0.716,ministy
65,3,3,717542000,0,7465.116211,0,-0.672,-0.701,-0.701,0,0,0.716,ministy
65,4,4,717542000,0,16640.69824,7465.116211,-0.635,-0.672,-0.536,0,0,0.716,ministy
65,5,5,717542000,0,930.232544,16640.69824,-0.698,-0.635,-0.683,0,0,0.716,ministy
65,6,6,717542000,0,68738.57266,930.232544,-0.426,-0.698,-0.571,0,0,0.716,ministy
65,7,7,717542000,0,134880.6495,68738.57266,-0.161,-0.426,-0.592,0,0,0.716,ministy
65,8,8,717542000,0,225914.5374,134880.6495,0.203,-0.161,0.073,0,0,0.716,ministy
65,9,9,717542000,0,703866.2639,225914.5374,2.117,0.203,-0.666,0,0,0.716,ministy
65,10,10,717542000,0,12663.90454,703866.2639,-0.651,2.117,-0.689,0,0,0.716,ministy
65,11,11,717542000,0,0,12663.90454,-0.701,-0.651,-0.701,0,0,0.716,ministy
65,12,12,717542000,0,18062.32568,0,-0.629,-0.701,-0.701,0,0,0.716,ministy
65,13,1,838951000,0,16592.32544,18062.32568,-0.635,-0.629,-0.701,0,0,0.739,ministy
65,14,2,838951000,0,21995.93225,16592.32544,-0.613,-0.635,-0.701,0,0,0.739,ministy
65,15,3,838951000,0,40198.26831,21995.93225,-0.54,-0.613,-0.672,0,0,0.739,ministy
65,16,4,838951000,0,17755.58179,40198.26831,-0.63,-0.54,-0.635,0,0,0.739,ministy
65,17,5,838951000,0,19083.30225,17755.58179,-0.625,-0.63,-0.698,0,0,0.739,ministy
65,18,6,838951000,0,264847.8905,19083.30225,0.359,-0.625,-0.426,0,0,0.739,ministy
65,19,7,838951000,0,625253.8094,264847.8905,1.803,0.359,-0.161,0,0,0.739,ministy
65,20,8,838951000,1,626546.7835,625253.8094,1.808,1.803,0.203,0,0,0.739,ministy
65,21,9,838951000,1,33524.71477,626546.7835,-0.567,1.808,2.117,0,0,0.739,ministy
65,22,10,838951000,1,480036.7614,33524.71477,1.221,-0.567,-0.651,0,0,0.739,ministy
65,23,11,838951000,1,15376.74414,480036.7614,-0.64,1.221,-0.701,0,0,0.739,ministy
65,24,12,838951000,1,0,15376.74414,-0.701,-0.64,-0.629,0,0,0.739,ministy
65,25,1,765191000,1,0,0,-0.701,-0.701,-0.635,0,0,0.773,ministy
65,26,2,765191000,1,12987.44141,0,-0.649,-0.701,-0.613,0,0,0.773,ministy
65,27,3,765191000,1,7813.953613,12987.44141,-0.67,-0.649,-0.54,0,0,0.773,ministy
65,28,4,765191000,1,0,7813.953613,-0.701,-0.67,-0.63,0,0,0.773,ministy
65,29,5,765191000,1,16237.4884,0,-0.636,-0.701,-0.625,0,0,0.773,ministy
65,30,6,765191000,1,779622.2251,16237.4884,2.421,-0.636,0.359,0,0,0.773,ministy
66,1,1,346993000,0,0,0,-0.582,-0.582,-0.582,0,0,0.677,ministy
66,2,2,346993000,0,12141.8584,0,-0.434,-0.582,-0.582,0,0,0.677,ministy
66,3,3,346993000,0,9414.883789,12141.8584,-0.467,-0.434,-0.582,0,0,0.677,ministy
66,4,4,346993000,0,3069.767334,9414.883789,-0.544,-0.467,-0.582,0,0,0.677,ministy
66,5,5,346993000,0,5028.37207,3069.767334,-0.521,-0.544,-0.582,0,0,0.677,ministy
66,6,6,346993000,0,6488.37207,5028.37207,-0.503,-0.521,-0.582,0,0,0.677,ministy
66,7,7,346993000,0,15085.11621,6488.37207,-0.398,-0.503,-0.582,0,0,0.677,ministy
66,8,8,346993000,0,16721.90027,15085.11621,-0.378,-0.398,-0.582,0,0,0.677,ministy
66,9,9,346993000,0,141774.6389,16721.90027,1.148,-0.378,0.215,0,0,0.677,ministy
66,10,10,346993000,0,1709.302368,141774.6389,-0.561,1.148,-0.054,0,0,0.677,ministy
66,11,11,346993000,0,0,1709.302368,-0.582,-0.561,-0.582,0,0,0.677,ministy
66,12,12,346993000,0,1709.302368,0,-0.561,-0.582,-0.582,0,0,0.677,ministy
66,13,1,362681000,0,0,1709.302368,-0.582,-0.561,-0.582,0,0,0.667,ministy
66,14,2,362681000,0,1697.20929,0,-0.561,-0.582,-0.434,0,0,0.667,ministy
66,15,3,362681000,0,5596.278961,1697.20929,-0.514,-0.561,-0.467,0,0,0.667,ministy
66,16,4,362681000,0,9289.302551,5596.278961,-0.469,-0.514,-0.544,0,0,0.667,ministy
66,17,5,362681000,0,7457.674438,9289.302551,-0.491,-0.469,-0.521,0,0,0.667,ministy
66,18,6,362681000,0,8965.930161,7457.674438,-0.472,-0.491,-0.503,0,0,0.667,ministy
66,19,7,362681000,0,30267.90771,8965.930161,-0.213,-0.472,-0.398,0,0,0.667,ministy
66,20,8,362681000,1,87225.48706,30267.90771,0.482,-0.213,-0.378,0,0,0.667,ministy
66,21,9,362681000,1,396426.6868,87225.48706,4.255,0.482,1.148,0,0,0.667,ministy
66,22,10,362681000,1,283321.8723,396426.6868,2.875,4.255,-0.561,0,0,0.667,ministy
66,23,11,362681000,1,29271.62842,283321.8723,-0.225,2.875,-0.582,0,0,0.667,ministy
66,24,12,362681000,1,23990.69751,29271.62842,-0.289,-0.225,-0.561,0,0,0.667,ministy
66,25,1,392809000,1,31121.10709,23990.69751,-0.202,-0.289,-0.582,0,0,0.665,ministy
66,26,2,392809000,1,30905.65582,31121.10709,-0.205,-0.202,-0.561,0,0,0.665,ministy
66,27,3,392809000,1,50812.37695,30905.65582,0.038,-0.205,-0.514,0,0,0.665,ministy
66,28,4,392809000,1,34107.79535,50812.37695,-0.166,0.038,-0.469,0,0,0.665,ministy
66,29,5,392809000,1,24446.48376,34107.79535,-0.284,-0.166,-0.491,0,0,0.665,ministy
66,30,6,392809000,1,28370.69727,24446.48376,-0.236,-0.284,-0.472,0,0,0.665,ministy
67,1,1,548336000,0,19307.5351,17725.93027,0.09,0.009,0.048,0,0,0.844,ministy
67,2,2,548336000,0,5698.372101,19307.5351,-0.61,0.09,-0.56,0,0,0.844,ministy
67,3,3,548336000,0,7645.813995,5698.372101,-0.509,-0.61,-0.519,0,0,0.844,ministy
67,4,4,548336000,0,12999.76736,7645.813995,-0.234,-0.509,-0.657,0,0,0.844,ministy
67,5,5,548336000,0,8815.497833,12999.76736,-0.449,-0.234,-0.341,0,0,0.844,ministy
67,6,6,548336000,0,14326.73486,8815.497833,-0.166,-0.449,-0.562,0,0,0.844,ministy
67,7,7,548336000,0,15177.90704,14326.73486,-0.122,-0.166,-0.324,0,0,0.844,ministy
67,8,8,548336000,0,31649.9068,15177.90704,0.725,-0.122,-0.419,0,0,0.844,ministy
67,9,9,548336000,0,14567.92538,31649.9068,-0.153,0.725,-0.429,0,0,0.844,ministy
67,10,10,548336000,0,9712.790771,14567.92538,-0.403,-0.153,-0.258,0,0,0.844,ministy
67,11,11,548336000,0,9652.558105,9712.790771,-0.406,-0.403,-0.268,0,0,0.844,ministy
67,12,12,548336000,0,7236.860413,9652.558105,-0.53,-0.406,0.009,0,0,0.844,ministy
67,13,1,548072000,0,9497.61615,7236.860413,-0.414,-0.53,0.09,0,0,0.742,ministy
67,14,2,548072000,0,7139.76741,9497.61615,-0.535,-0.414,-0.61,0,0,0.742,ministy
67,15,3,548072000,0,12704.27899,7139.76741,-0.249,-0.535,-0.509,0,0,0.742,ministy
67,16,4,548072000,0,8935.907104,12704.27899,-0.443,-0.249,-0.234,0,0,0.742,ministy
67,17,5,548072000,0,31621.19073,8935.907104,0.723,-0.443,-0.449,0,0,0.742,ministy
67,18,6,548072000,0,13218.64172,31621.19073,-0.223,0.723,-0.166,0,0,0.742,ministy
67,19,7,548072000,0,6790.902252,13218.64172,-0.553,-0.223,-0.122,0,0,0.742,ministy
67,20,8,548072000,1,8019.125305,6790.902252,-0.49,-0.553,0.725,0,0,0.742,ministy
67,21,9,548072000,1,14969.62781,8019.125305,-0.133,-0.49,-0.153,0,0,0.742,ministy
67,22,10,548072000,1,11904.53918,14969.62781,-0.29,-0.133,-0.403,0,0,0.742,ministy
67,23,11,548072000,1,10582.07434,11904.53918,-0.358,-0.29,-0.406,0,0,0.742,ministy
67,24,12,548072000,1,34104.01797,10582.07434,0.851,-0.358,-0.53,0,0,0.742,ministy
67,25,1,602690000,1,9773.311462,34104.01797,-0.4,0.851,-0.414,0,0,0.751,ministy
67,26,2,602690000,1,31285.99911,9773.311462,0.706,-0.4,-0.535,0,0,0.751,ministy
67,27,3,602690000,1,33676.27341,31285.99911,0.829,0.706,-0.249,0,0,0.751,ministy
67,28,4,602690000,1,115383.7332,33676.27341,5.031,0.829,-0.443,0,0,0.751,ministy
67,29,5,602690000,1,7051.878853,115383.7332,-0.54,5.031,0.723,0,0,0.751,ministy
67,30,6,602690000,1,8209.302063,7051.878853,-0.48,-0.54,-0.223,0,0,0.751,ministy
68,1,1,2519331000,0,184192.2626,221059.6425,-0.855,-0.781,-0.918,0,0,0.821,ministy
68,2,2,2519331000,0,344072.4646,184192.2626,-0.533,-0.855,-0.987,0,0,0.821,ministy
68,3,3,2519331000,0,464596.4967,344072.4646,-0.291,-0.533,-0.991,0,0,0.821,ministy
68,4,4,2519331000,0,194341.0679,464596.4967,-0.835,-0.291,-0.902,0,0,0.821,ministy
68,5,5,2519331000,0,203571.108,194341.0679,-0.816,-0.835,-0.654,0,0,0.821,ministy
68,6,6,2519331000,0,232942.7956,203571.108,-0.757,-0.816,-0.619,0,0,0.821,ministy
68,7,7,2519331000,0,673186.628,232942.7956,0.129,-0.757,-0.737,0,0,0.821,ministy
68,8,8,2519331000,0,551272.0959,673186.628,-0.116,0.129,-0.896,0,0,0.821,ministy
68,9,9,2519331000,0,1059935.954,551272.0959,0.908,-0.116,-0.713,0,0,0.821,ministy
68,10,10,2519331000,0,215714.9837,1059935.954,-0.792,0.908,-0.404,0,0,0.821,ministy
68,11,11,2519331000,0,539339.6797,215714.9837,-0.14,-0.792,-0.946,0,0,0.821,ministy
68,12,12,2519331000,0,1599463.856,539339.6797,1.994,-0.14,-0.781,0,0,0.821,ministy
68,13,1,2771985000,0,174362.39,1599463.856,-0.875,1.994,-0.855,0,0,0.799,ministy
68,14,2,2771985000,0,147171.0821,174362.39,-0.93,-0.875,-0.533,0,0,0.799,ministy
68,15,3,2771985000,0,169086.7712,147171.0821,-0.886,-0.93,-0.291,0,0,0.799,ministy
68,16,4,2771985000,0,385084.4587,169086.7712,-0.451,-0.886,-0.835,0,0,0.799,ministy
68,17,5,2771985000,0,459701.8588,385084.4587,-0.301,-0.451,-0.816,0,0,0.799,ministy
68,18,6,2771985000,0,485212.6528,459701.8588,-0.249,-0.301,-0.757,0,0,0.799,ministy
68,19,7,2771985000,0,1197899.969,485212.6528,1.186,-0.249,0.129,0,0,0.799,ministy
68,20,8,2771985000,1,675829.7847,1197899.969,0.135,1.186,-0.116,0,0,0.799,ministy
68,21,9,2771985000,1,409614.4377,675829.7847,-0.401,0.135,0.908,0,0,0.799,ministy
68,22,10,2771985000,1,1919099.894,409614.4377,2.638,-0.401,-0.792,0,0,0.799,ministy
68,23,11,2771985000,1,642396.1324,1919099.894,0.067,2.638,-0.14,0,0,0.799,ministy
68,24,12,2771985000,1,858696.831,642396.1324,0.503,0.067,1.994,0,0,0.799,ministy
68,25,1,2935102000,1,137514.2329,858696.831,-0.949,0.503,-0.875,0,0,0.777,ministy
68,26,2,2935102000,1,88609.84666,137514.2329,-1.048,-0.949,-0.93,0,0,0.777,ministy
68,27,3,2935102000,1,1338220.173,88609.84666,1.468,-1.048,-0.886,0,0,0.777,ministy
68,28,4,2935102000,1,1207489.091,1338220.173,1.205,1.468,-0.451,0,0,0.777,ministy
68,29,5,2935102000,1,303905.9918,1207489.091,-0.614,1.205,-0.301,0,0,0.777,ministy
68,30,6,2935102000,1,141445.9197,303905.9918,-0.941,-0.614,-0.249,0,0,0.777,ministy
69,1,1,307365000,0,42285.17158,69079.8117,1.068,2.19,0.32,0,0,0.798,ministy
69,2,2,307365000,0,0,42285.17158,-0.702,1.068,-0.702,0,0,0.798,ministy
69,3,3,307365000,0,53645.04517,0,1.544,-0.702,-0.702,0,0,0.798,ministy
69,4,4,307365000,0,55846.97595,53645.04517,1.636,1.544,-0.422,0,0,0.798,ministy
69,5,5,307365000,0,36474.18555,55846.97595,0.825,1.636,-0.083,0,0,0.798,ministy
69,6,6,307365000,0,30275.58032,36474.18555,0.566,0.825,-0.201,0,0,0.798,ministy
69,7,7,307365000,0,54053.48792,30275.58032,1.561,0.566,0.36,0,0,0.798,ministy
69,8,8,307365000,0,25752.79041,54053.48792,0.376,1.561,0.048,0,0,0.798,ministy
69,9,9,307365000,0,60555.12915,25752.79041,1.833,0.376,1.019,0,0,0.798,ministy
69,10,10,307365000,0,28649.7666,60555.12915,0.498,1.833,0.872,0,0,0.798,ministy
69,11,11,307365000,0,0,28649.7666,-0.702,0.498,0.406,0,0,0.798,ministy
69,12,12,307365000,0,27496.74365,0,0.449,-0.702,2.19,0,0,0.798,ministy
69,13,1,303550000,0,11337.20923,27496.74365,-0.227,0.449,1.068,0,0,0.783,ministy
69,14,2,303550000,0,4555.813965,11337.20923,-0.511,-0.227,-0.702,0,0,0.783,ministy
69,15,3,303550000,0,4555.813965,4555.813965,-0.511,-0.511,1.544,0,0,0.783,ministy
69,16,4,303550000,0,5548.604736,4555.813965,-0.469,-0.511,1.636,0,0,0.783,ministy
69,17,5,303550000,0,11691.1626,5548.604736,-0.212,-0.469,0.825,0,0,0.783,ministy
69,18,6,303550000,0,0,11691.1626,-0.702,-0.212,0.566,0,0,0.783,ministy
69,19,7,303550000,0,858.139526,0,-0.666,-0.702,1.561,0,0,0.783,ministy
69,20,8,303550000,1,0,858.139526,-0.702,-0.666,0.376,0,0,0.783,ministy
69,21,9,303550000,1,0,0,-0.702,-0.702,1.833,0,0,0.783,ministy
69,22,10,303550000,1,3643.488281,0,-0.549,-0.702,0.498,0,0,0.783,ministy
69,23,11,303550000,1,6680,3643.488281,-0.422,-0.549,-0.702,0,0,0.783,ministy
69,24,12,303550000,1,13855.81348,6680,-0.122,-0.422,0.449,0,0,0.783,ministy
69,25,1,272850000,1,10391.86011,13855.81348,-0.267,-0.122,-0.227,0,0,0.802,ministy
69,26,2,272850000,1,0,10391.86011,-0.702,-0.267,-0.511,0,0,0.802,ministy
69,27,3,272850000,1,6308.139404,0,-0.438,-0.702,-0.511,0,0,0.802,ministy
69,28,4,272850000,1,6773.255676,6308.139404,-0.418,-0.438,-0.469,0,0,0.802,ministy
69,29,5,272850000,1,0,6773.255676,-0.702,-0.418,-0.212,0,0,0.802,ministy
69,30,6,272850000,1,0,0,-0.702,-0.702,-0.702,0,0,0.802,ministy
70,1,1,172736000,0,0,0,-0.678,-0.678,-0.678,0,0,0.68,ministy
70,2,2,172736000,0,0,0,-0.678,-0.678,-0.678,0,0,0.68,ministy
70,3,3,172736000,0,0,0,-0.678,-0.678,-0.678,0,0,0.68,ministy
70,4,4,172736000,0,0,0,-0.678,-0.678,-0.678,0,0,0.68,ministy
70,5,5,172736000,0,0,0,-0.678,-0.678,-0.678,0,0,0.68,ministy
70,6,6,172736000,0,0,0,-0.678,-0.678,-0.678,0,0,0.68,ministy
70,7,7,172736000,0,0,0,-0.678,-0.678,-0.678,0,0,0.68,ministy
70,8,8,172736000,0,0,0,-0.678,-0.678,-0.678,0,0,0.68,ministy
70,9,9,172736000,0,0,0,-0.678,-0.678,-0.678,0,0,0.68,ministy
70,10,10,172736000,0,1522.558105,0,0.349,-0.678,-0.678,0,0,0.68,ministy
70,11,11,172736000,0,0,1522.558105,-0.678,0.349,-0.678,0,0,0.68,ministy
70,12,12,172736000,0,0,0,-0.678,-0.678,-0.678,0,0,0.68,ministy
70,13,1,211499000,0,2978.139526,0,1.33,-0.678,-0.678,0,0,0.614,ministy
70,14,2,211499000,0,3045.116211,2978.139526,1.376,1.33,-0.678,0,0,0.614,ministy
70,15,3,211499000,0,2791.395264,3045.116211,1.204,1.376,-0.678,0,0,0.614,ministy
70,16,4,211499000,0,0,2791.395264,-0.678,1.204,-0.678,0,0,0.614,ministy
70,17,5,211499000,0,1709.302368,0,0.475,-0.678,-0.678,0,0,0.614,ministy
70,18,6,211499000,0,1522.558105,1709.302368,0.349,0.475,-0.678,0,0,0.614,ministy
70,19,7,211499000,0,4567.674316,1522.558105,2.403,0.349,-0.678,0,0,0.614,ministy
70,20,8,211499000,1,1522.558105,4567.674316,0.349,2.403,-0.678,0,0,0.614,ministy
70,21,9,211499000,1,0,1522.558105,-0.678,0.349,-0.678,0,0,0.614,ministy
70,22,10,211499000,1,0,0,-0.678,-0.678,0.349,0,0,0.614,ministy
70,23,11,211499000,1,0,0,-0.678,-0.678,-0.678,0,0,0.614,ministy
70,24,12,211499000,1,0,0,-0.678,-0.678,-0.678,0,0,0.614,ministy
70,25,1,210833000,1,1395.348877,0,0.263,-0.678,1.33,0,0,0.69,ministy
70,26,2,210833000,1,0,1395.348877,-0.678,0.263,1.376,0,0,0.69,ministy
70,27,3,210833000,1,0,0,-0.678,-0.678,1.204,0,0,0.69,ministy
70,28,4,210833000,1,0,0,-0.678,-0.678,-0.678,0,0,0.69,ministy
70,29,5,210833000,1,3139.534912,0,1.439,-0.678,0.475,0,0,0.69,ministy
70,30,6,210833000,1,5377.906738,3139.534912,2.949,1.439,0.349,0,0,0.69,ministy
71,1,1,428167000,0,3053.023193,0,-0.42,-0.456,-0.456,0,0,0.61,ministy
71,2,2,428167000,0,0,3053.023193,-0.456,-0.42,-0.413,0,0,0.61,ministy
71,3,3,428167000,0,7362.325684,0,-0.369,-0.456,-0.309,0,0,0.61,ministy
71,4,4,428167000,0,8223.953613,7362.325684,-0.359,-0.369,-0.357,0,0,0.61,ministy
71,5,5,428167000,0,0,8223.953613,-0.456,-0.359,0.184,0,0,0.61,ministy
71,6,6,428167000,0,13656.97681,0,-0.295,-0.456,-0.456,0,0,0.61,ministy
71,7,7,428167000,0,10822.55798,13656.97681,-0.328,-0.295,-0.456,0,0,0.61,ministy
71,8,8,428167000,0,9759.534912,10822.55798,-0.341,-0.328,-0.338,0,0,0.61,ministy
71,9,9,428167000,0,330091.66,9759.534912,3.442,-0.341,0.491,0,0,0.61,ministy
71,10,10,428167000,0,7731.860596,330091.66,-0.365,3.442,-0.173,0,0,0.61,ministy
71,11,11,428167000,0,0,7731.860596,-0.456,-0.365,-0.394,0,0,0.61,ministy
71,12,12,428167000,0,5110.000122,0,-0.396,-0.456,-0.456,0,0,0.61,ministy
71,13,1,324724000,0,1831.162842,5110.000122,-0.434,-0.396,-0.42,0,0,0.794,ministy
71,14,2,324724000,0,5179.767578,1831.162842,-0.395,-0.434,-0.456,0,0,0.794,ministy
71,15,3,324724000,0,13885.58154,5179.767578,-0.292,-0.395,-0.369,0,0,0.794,ministy
71,16,4,324724000,0,12763.48877,13885.58154,-0.305,-0.292,-0.359,0,0,0.794,ministy
71,17,5,324724000,0,6642.483765,12763.48877,-0.378,-0.305,-0.456,0,0,0.794,ministy
71,18,6,324724000,0,2619.767456,6642.483765,-0.425,-0.378,-0.295,0,0,0.794,ministy
71,19,7,324724000,0,9096.744019,2619.767456,-0.349,-0.425,-0.328,0,0,0.794,ministy
71,20,8,324724000,1,27163.02338,9096.744019,-0.135,-0.349,-0.341,0,0,0.794,ministy
71,21,9,324724000,1,72019.06995,27163.02338,0.394,-0.135,3.442,0,0,0.794,ministy
71,22,10,324724000,1,312628.3832,72019.06995,3.235,0.394,-0.365,0,0,0.794,ministy
71,23,11,324724000,1,0,312628.3832,-0.456,3.235,-0.456,0,0,0.794,ministy
71,24,12,324724000,1,3034.883789,0,-0.42,-0.456,-0.396,0,0,0.794,ministy
71,25,1,362222000,1,24454.18604,3034.883789,-0.167,-0.42,-0.434,0,0,0.742,ministy
71,26,2,362222000,1,10166.51184,24454.18604,-0.336,-0.167,-0.395,0,0,0.742,ministy
71,27,3,362222000,1,31974.88452,10166.51184,-0.078,-0.336,-0.292,0,0,0.742,ministy
71,28,4,362222000,1,30950.29834,31974.88452,-0.091,-0.078,-0.305,0,0,0.742,ministy
71,29,5,362222000,1,1831.162842,30950.29834,-0.434,-0.091,-0.378,0,0,0.742,ministy
71,30,6,362222000,1,4046.511719,1831.162842,-0.408,-0.434,-0.425,0,0,0.742,ministy
72,1,1,845524000,0,42818.60437,16027.90698,-1.023,-1.462,-1.022,0,0,0.613,ministy
72,2,2,845524000,0,44862.3255,42818.60437,-0.989,-1.023,-1.049,0,0,0.613,ministy
72,3,3,845524000,0,65200.00867,44862.3255,-0.656,-0.989,-0.816,0,0,0.613,ministy
72,4,4,845524000,0,71456.58966,65200.00867,-0.553,-0.656,-0.768,0,0,0.613,ministy
72,5,5,845524000,0,51188.83704,71456.58966,-0.885,-0.553,-1.157,0,0,0.613,ministy
72,6,6,845524000,0,156840.9828,51188.83704,0.847,-0.885,-1.179,0,0,0.613,ministy
72,7,7,845524000,0,145395.716,156840.9828,0.659,0.847,-1.23,0,0,0.613,ministy
72,8,8,845524000,0,153292.0488,145395.716,0.789,0.659,-0.94,0,0,0.613,ministy
72,9,9,845524000,0,156054.1138,153292.0488,0.834,0.789,1.11,0,0,0.613,ministy
72,10,10,845524000,0,102486.3848,156054.1138,-0.044,0.834,-1.242,0,0,0.613,ministy
72,11,11,845524000,0,69116.04559,102486.3848,-0.591,-0.044,-0.683,0,0,0.613,ministy
72,12,12,845524000,0,58752.24835,69116.04559,-0.761,-0.591,-1.462,0,0,0.613,ministy
72,13,1,891139000,0,50062.48285,58752.24835,-0.904,-0.761,-1.023,0,0,0.599,ministy
72,14,2,891139000,0,34907.90625,50062.48285,-1.152,-0.904,-0.989,0,0,0.599,ministy
72,15,3,891139000,0,85994.66924,34907.90625,-0.315,-1.152,-0.656,0,0,0.599,ministy
72,16,4,891139000,0,70113.07367,85994.66924,-0.575,-0.315,-0.553,0,0,0.599,ministy
72,17,5,891139000,0,251711.3721,70113.07367,2.402,-0.575,-0.885,0,0,0.599,ministy
72,18,6,891139000,0,122700.3062,251711.3721,0.287,2.402,0.847,0,0,0.599,ministy
72,19,7,891139000,0,189282.5281,122700.3062,1.379,0.287,0.659,0,0,0.599,ministy
72,20,8,891139000,1,53478.26965,189282.5281,-0.848,1.379,0.789,0,0,0.599,ministy
72,21,9,891139000,1,82211.38477,53478.26965,-0.377,-0.848,0.834,0,0,0.599,ministy
72,22,10,891139000,1,134743.4641,82211.38477,0.484,-0.377,-0.044,0,0,0.599,ministy
72,23,11,891139000,1,224273.3842,134743.4641,1.952,0.484,-0.591,0,0,0.599,ministy
72,24,12,891139000,1,162105.4681,224273.3842,0.933,1.952,-0.761,0,0,0.599,ministy
72,25,1,956523000,1,53723.72009,162105.4681,-0.844,0.933,-0.904,0,0,0.648,ministy
72,26,2,956523000,1,65361.19922,53723.72009,-0.653,-0.844,-1.152,0,0,0.648,ministy
72,27,3,956523000,1,126426.0907,65361.19922,0.348,-0.653,-0.315,0,0,0.648,ministy
72,28,4,956523000,1,119598.1567,126426.0907,0.236,0.348,-0.575,0,0,0.648,ministy
72,29,5,956523000,1,122629.0721,119598.1567,0.286,0.236,2.402,0,0,0.648,ministy
72,30,6,956523000,1,271772.6393,122629.0721,2.731,0.286,0.287,0,0,0.648,ministy
73,1,1,1087615000,0,16911.07385,34784.13922,-0.987,-0.055,-0.782,0,0,0.689,ministy
73,2,2,1087615000,0,22537.61377,16911.07385,-0.694,-0.987,-0.614,0,0,0.689,ministy
73,3,3,1087615000,0,21096.00894,22537.61377,-0.769,-0.694,-0.543,0,0,0.689,ministy
73,4,4,1087615000,0,64504.84035,21096.00894,1.495,-0.769,-1.021,0,0,0.689,ministy
73,5,5,1087615000,0,15428.49301,64504.84035,-1.065,1.495,-0.68,0,0,0.689,ministy
73,6,6,1087615000,0,46768.35211,15428.49301,0.57,-1.065,-0.646,0,0,0.689,ministy
73,7,7,1087615000,0,26482.13257,46768.35211,-0.488,0.57,2.888,0,0,0.689,ministy
73,8,8,1087615000,0,31886.6156,26482.13257,-0.206,-0.488,-0.867,0,0,0.689,ministy
73,9,9,1087615000,0,76742.09596,31886.6156,2.133,-0.206,-0.709,0,0,0.689,ministy
73,10,10,1087615000,0,9685.883392,76742.09596,-1.364,2.133,-0.87,0,0,0.689,ministy
73,11,11,1087615000,0,45885.78979,9685.883392,0.524,-1.364,-0.434,0,0,0.689,ministy
73,12,12,1087615000,0,8405.953369,45885.78979,-1.431,0.524,-0.055,0,0,0.689,ministy
73,13,1,1142612000,0,53758.52969,8405.953369,0.935,-1.431,-0.987,0,0,0.672,ministy
73,14,2,1142612000,0,15127.88409,53758.52969,-1.08,0.935,-0.694,0,0,0.672,ministy
73,15,3,1142612000,0,62925.06042,15127.88409,1.413,-1.08,-0.769,0,0,0.672,ministy
73,16,4,1142612000,0,31161.38391,62925.06042,-0.244,1.413,1.495,0,0,0.672,ministy
73,17,5,1142612000,0,29344.81421,31161.38391,-0.339,-0.244,-1.065,0,0,0.672,ministy
73,18,6,1142612000,0,54429.34448,29344.81421,0.97,-0.339,0.57,0,0,0.672,ministy
73,19,7,1142612000,0,64801.96924,54429.34448,1.511,0.97,-0.488,0,0,0.672,ministy
73,20,8,1142612000,1,18574.28125,64801.96924,-0.901,1.511,-0.206,0,0,0.672,ministy
73,21,9,1142612000,1,36168.9765,18574.28125,0.017,-0.901,2.133,0,0,0.672,ministy
73,22,10,1142612000,1,32275.34625,36168.9765,-0.186,0.017,-1.364,0,0,0.672,ministy
73,23,11,1142612000,1,9789.334991,32275.34625,-1.359,-0.186,0.524,0,0,0.672,ministy
73,24,12,1142612000,1,17248.41367,9789.334991,-0.97,-1.359,-1.431,0,0,0.672,ministy
73,25,1,1239208000,1,16736.95807,17248.41367,-0.996,-0.97,0.935,0,0,0.667,ministy
73,26,2,1239208000,1,37352.13889,16736.95807,0.079,-0.996,-1.08,0,0,0.667,ministy
73,27,3,1239208000,1,30486.27655,37352.13889,-0.279,0.079,1.413,0,0,0.667,ministy
73,28,4,1239208000,1,30290.99316,30486.27655,-0.289,-0.279,-0.244,0,0,0.667,ministy
73,29,5,1239208000,1,29138.60229,30290.99316,-0.35,-0.289,-0.339,0,0,0.667,ministy
73,30,6,1239208000,1,86288.71051,29138.60229,2.631,-0.35,0.97,0,0,0.667,ministy
74,1,1,624335000,0,7551.976715,7841.046509,-0.802,-0.784,-0.534,0,0,0.561,ministy
74,2,2,624335000,0,20987.20917,7551.976715,0.038,-0.802,-0.155,0,0,0.561,ministy
74,3,3,624335000,0,30287.67377,20987.20917,0.62,0.038,0.082,0,0,0.561,ministy
74,4,4,624335000,0,10802.90698,30287.67377,-0.599,0.62,-0.935,0,0,0.561,ministy
74,5,5,624335000,0,17005.46533,10802.90698,-0.211,-0.599,-0.919,0,0,0.561,ministy
74,6,6,624335000,0,11414.30219,17005.46533,-0.561,-0.211,-0.417,0,0,0.561,ministy
74,7,7,624335000,0,23081.3161,11414.30219,0.169,-0.561,0.315,0,0,0.561,ministy
74,8,8,624335000,0,9232.442017,23081.3161,-0.697,0.169,-0.766,0,0,0.561,ministy
74,9,9,624335000,0,4522.674438,9232.442017,-0.992,-0.697,-0.303,0,0,0.561,ministy
74,10,10,624335000,0,18438.25638,4522.674438,-0.121,-0.992,0.714,0,0,0.561,ministy
74,11,11,624335000,0,2736.62793,18438.25638,-1.104,-0.121,-0.583,0,0,0.561,ministy
74,12,12,624335000,0,3490.465149,2736.62793,-1.056,-1.104,-0.784,0,0,0.561,ministy
74,13,1,673956000,0,15638.58838,3490.465149,-0.297,-1.056,-0.802,0,0,0.605,ministy
74,14,2,673956000,0,17666.51147,15638.58838,-0.17,-0.297,0.038,0,0,0.605,ministy
74,15,3,673956000,0,12484.18619,17666.51147,-0.494,-0.17,0.62,0,0,0.605,ministy
74,16,4,673956000,0,16178.95361,12484.18619,-0.263,-0.494,-0.599,0,0,0.605,ministy
74,17,5,673956000,0,15421.26523,16178.95361,-0.31,-0.263,-0.211,0,0,0.605,ministy
74,18,6,673956000,0,37716.00058,15421.26523,1.085,-0.31,-0.561,0,0,0.605,ministy
74,19,7,673956000,0,55943.56489,37716.00058,2.225,1.085,0.169,0,0,0.605,ministy
74,20,8,673956000,1,28485.56195,55943.56489,0.507,2.225,-0.697,0,0,0.605,ministy
74,21,9,673956000,1,24829.3028,28485.56195,0.278,0.507,-0.992,0,0,0.605,ministy
74,22,10,673956000,1,11633.48834,24829.3028,-0.547,0.278,-0.121,0,0,0.605,ministy
74,23,11,673956000,1,10812.32574,11633.48834,-0.598,-0.547,-1.104,0,0,0.605,ministy
74,24,12,673956000,1,7866.511627,10812.32574,-0.783,-0.598,-1.056,0,0,0.605,ministy
74,25,1,691016000,1,5710.697754,7866.511627,-0.918,-0.783,-0.297,0,0,0.619,ministy
74,26,2,691016000,1,12425.23254,5710.697754,-0.498,-0.918,-0.17,0,0,0.619,ministy
74,27,3,691016000,1,16557.79083,12425.23254,-0.239,-0.498,-0.494,0,0,0.619,ministy
74,28,4,691016000,1,50970.44287,16557.79083,1.914,-0.239,-0.263,0,0,0.619,ministy
74,29,5,691016000,1,45239.54456,50970.44287,1.555,1.914,-0.31,0,0,0.619,ministy
74,30,6,691016000,1,74689.04681,45239.54456,3.398,1.555,1.085,0,0,0.619,ministy
75,1,1,4732169000,0,453237.5543,445224.188,-0.701,-0.726,-1.451,0,1,0.677,ministy
75,2,2,4732169000,0,421767.4653,453237.5543,-0.797,-0.701,-1.335,0,1,0.677,ministy
75,3,3,4732169000,0,337044.0631,421767.4653,-1.057,-0.797,3.171,0,1,0.677,ministy
75,4,4,4732169000,0,1266771.95,337044.0631,1.789,-1.057,3.158,0,1,0.677,ministy
75,5,5,4732169000,0,493799.8839,1266771.95,-0.577,1.789,0.754,0,1,0.677,ministy
75,6,6,4732169000,0,636786.1686,493799.8839,-0.139,-0.577,-0.49,0,1,0.677,ministy
75,7,7,4732169000,0,714871.77,636786.1686,0.1,-0.139,0.248,0,1,0.677,ministy
75,8,8,4732169000,0,320900.2564,714871.77,-1.106,0.1,1.066,0,1,0.677,ministy
75,9,9,4732169000,0,956817.2026,320900.2564,0.84,-1.106,1.841,0,1,0.677,ministy
75,10,10,4732169000,0,558477.1579,956817.2026,-0.379,0.84,1.563,0,1,0.677,ministy
75,11,11,4732169000,0,1145014.29,558477.1579,1.416,-0.379,-1.162,0,1,0.677,ministy
75,12,12,4732169000,0,377835.4875,1145014.29,-0.932,1.416,-0.726,0,1,0.677,ministy
75,13,1,4899212000,0,420059.9754,377835.4875,-0.803,-0.932,-0.701,0,1,0.676,ministy
75,14,2,4899212000,0,957407.1434,420059.9754,0.842,-0.803,-0.797,0,1,0.676,ministy
75,15,3,4899212000,0,1372704.424,957407.1434,2.113,0.842,-1.057,0,1,0.676,ministy
75,16,4,4899212000,0,940281.9732,1372704.424,0.79,2.113,1.789,0,1,0.676,ministy
75,17,5,4899212000,0,656103.6188,940281.9732,-0.08,0.79,-0.577,0,1,0.676,ministy
75,18,6,4899212000,0,1216785.877,656103.6188,1.636,-0.08,-0.139,0,1,0.676,ministy
75,19,7,4899212000,0,565190.2469,1216785.877,-0.358,1.636,0.1,1,1,0.676,ministy
75,20,8,4899212000,1,488612.838,565190.2469,-0.593,-0.358,-1.106,1,1,0.676,ministy
75,21,9,4899212000,1,528178.1959,488612.838,-0.472,-0.593,0.84,1,1,0.676,ministy
75,22,10,4899212000,1,757683.4415,528178.1959,0.231,-0.472,-0.379,1,1,0.676,ministy
75,23,11,4899212000,1,637440.22,757683.4415,-0.137,0.231,1.416,0,1,0.676,ministy
75,24,12,4899212000,1,509782.0156,637440.22,-0.528,-0.137,-0.932,0,1,0.676,ministy
75,25,1,5032638000,1,269085.2509,509782.0156,-1.265,-0.528,-0.803,1,1,0.67,ministy
75,26,2,5032638000,1,783653.6646,269085.2509,0.31,-1.265,0.842,0,1,0.67,ministy
75,27,3,5032638000,1,831243.1092,783653.6646,0.456,0.31,2.113,0,1,0.67,ministy
75,28,4,5032638000,1,1496673.67,831243.1092,2.493,0.456,0.79,0,1,0.67,ministy
75,29,5,5032638000,1,477527.4344,1496673.67,-0.627,2.493,-0.08,0,1,0.67,ministy
75,30,6,5032638000,1,807090.2938,477527.4344,0.382,-0.627,1.636,1,1,0.67,ministy
81,1,1,48827514,0,8211.860352,17153.48865,-0.222,-0.107,-0.22,0,0,0.962,semi-autonomous
81,2,2,48827514,0,0,8211.860352,-0.327,-0.222,-0.05,0,0,0.962,semi-autonomous
81,3,3,48827514,0,25652.55835,0,0.003,-0.327,-0.22,0,0,0.962,semi-autonomous
81,4,4,48827514,0,5525.581543,25652.55835,-0.256,0.003,0.386,0,0,0.962,semi-autonomous
81,5,5,48827514,0,0,5525.581543,-0.327,-0.256,-0.304,0,0,0.962,semi-autonomous
81,6,6,48827514,0,0,0,-0.327,-0.327,-0.327,0,0,0.962,semi-autonomous
81,7,7,48827514,0,2395.906982,0,-0.297,-0.327,-0.306,0,0,0.962,semi-autonomous
81,8,8,48827514,0,11159.8606,2395.906982,-0.184,-0.297,-0.189,0,0,0.962,semi-autonomous
81,9,9,48827514,0,14211.62817,11159.8606,-0.145,-0.184,0.126,0,0,0.962,semi-autonomous
81,10,10,48827514,0,0,14211.62817,-0.327,-0.145,0.201,0,0,0.962,semi-autonomous
81,11,11,48827514,0,0,0,-0.327,-0.327,-0.327,0,0,0.962,semi-autonomous
81,12,12,48827514,0,0,0,-0.327,-0.327,-0.107,0,0,0.962,semi-autonomous
81,13,1,37166466,0,5525.581543,0,-0.256,-0.327,-0.222,0,0,0.938,semi-autonomous
81,14,2,37166466,0,0,5525.581543,-0.327,-0.256,-0.327,0,0,0.938,semi-autonomous
81,15,3,37166466,0,0,0,-0.327,-0.327,0.003,0,0,0.938,semi-autonomous
81,16,4,37166466,0,23308.63544,0,-0.027,-0.327,-0.256,0,0,0.938,semi-autonomous
81,17,5,37166466,0,0,23308.63544,-0.327,-0.027,-0.327,0,0,0.938,semi-autonomous
81,18,6,37166466,0,0,0,-0.327,-0.327,-0.327,0,0,0.938,semi-autonomous
81,19,7,37166466,0,165302.4287,0,1.8,-0.327,-0.297,0,0,0.938,semi-autonomous
81,20,8,37166466,1,393239.4404,165302.4287,4.734,1.8,-0.184,0,0,0.938,semi-autonomous
81,21,9,37166466,1,0,393239.4404,-0.327,4.734,-0.145,0,0,0.938,semi-autonomous
81,22,10,37166466,1,0,0,-0.327,-0.327,-0.327,0,0,0.938,semi-autonomous
81,23,11,37166466,1,0,0,-0.327,-0.327,-0.327,0,0,0.938,semi-autonomous
81,24,12,37166466,1,0,0,-0.327,-0.327,-0.327,0,0,0.938,semi-autonomous
81,25,1,28567258,1,0,0,-0.327,-0.327,-0.256,0,0,0.855,semi-autonomous
81,26,2,28567258,1,0,0,-0.327,-0.327,-0.327,0,0,0.855,semi-autonomous
81,27,3,28567258,1,25547.08527,0,0.001,-0.327,-0.327,0,0,0.855,semi-autonomous
81,28,4,28567258,1,223991.6175,25547.08527,2.556,0.001,-0.027,0,0,0.855,semi-autonomous
81,29,5,28567258,1,0,223991.6175,-0.327,2.556,-0.327,0,0,0.855,semi-autonomous
81,30,6,28567258,1,0,0,-0.327,-0.327,-0.327,0,0,0.855,semi-autonomous
91,1,1,250659000,0,8588.837402,25585.73283,-0.291,-0.175,-0.293,0,0,0.45,semi-autonomous
91,2,2,250659000,0,6562.280983,8588.837402,-0.305,-0.291,-0.22,0,0,0.45,semi-autonomous
91,3,3,250659000,0,0,6562.280983,-0.35,-0.305,-0.287,0,0,0.45,semi-autonomous
91,4,4,250659000,0,0,0,-0.35,-0.35,-0.326,0,0,0.45,semi-autonomous
91,5,5,250659000,0,0,0,-0.35,-0.35,-0.35,0,0,0.45,semi-autonomous
91,6,6,250659000,0,0,0,-0.35,-0.35,-0.35,0,0,0.45,semi-autonomous
91,7,7,250659000,0,12922.09326,0,-0.262,-0.35,-0.35,0,0,0.45,semi-autonomous
91,8,8,250659000,0,0,12922.09326,-0.35,-0.262,-0.35,0,0,0.45,semi-autonomous
91,9,9,250659000,0,81287.90527,0,0.204,-0.35,-0.255,0,0,0.45,semi-autonomous
91,10,10,250659000,0,71480.46387,81287.90527,0.138,0.204,-0.35,0,0,0.45,semi-autonomous
91,11,11,250659000,0,201883.0239,71480.46387,1.026,0.138,-0.35,0,0,0.45,semi-autonomous
91,12,12,250659000,0,179284.6519,201883.0239,0.872,1.026,-0.175,0,0,0.45,semi-autonomous
91,13,1,246781000,0,860117.666,179284.6519,5.512,0.872,-0.291,0,0,0.549,semi-autonomous
91,14,2,246781000,0,76437.56763,860117.666,0.171,5.512,-0.305,0,0,0.549,semi-autonomous
91,15,3,246781000,0,66816.0968,76437.56763,0.106,0.171,-0.35,0,0,0.549,semi-autonomous
91,16,4,246781000,0,45917.67438,66816.0968,-0.037,0.106,-0.35,0,0,0.549,semi-autonomous
91,17,5,246781000,0,0,45917.67438,-0.35,-0.037,-0.35,0,0,0.549,semi-autonomous
91,18,6,246781000,0,6511.62793,0,-0.305,-0.35,-0.35,0,0,0.549,semi-autonomous
91,19,7,246781000,0,0,6511.62793,-0.35,-0.305,-0.262,0,0,0.549,semi-autonomous
91,20,8,246781000,1,0,0,-0.35,-0.35,-0.35,0,0,0.549,semi-autonomous
91,21,9,246781000,1,0,0,-0.35,-0.35,0.204,0,0,0.549,semi-autonomous
91,22,10,246781000,1,13567.20972,0,-0.257,-0.35,0.138,0,0,0.549,semi-autonomous
91,23,11,246781000,1,84079.76758,13567.20972,0.223,-0.257,1.026,0,0,0.549,semi-autonomous
91,24,12,246781000,1,6610.5,84079.76758,-0.305,0.223,0.872,0,0,0.549,semi-autonomous
91,25,1,313409000,1,13942.09351,6610.5,-0.255,-0.305,5.512,0,0,0.484,semi-autonomous
91,26,2,313409000,1,0,13942.09351,-0.35,-0.255,0.171,0,0,0.484,semi-autonomous
91,27,3,313409000,1,0,0,-0.35,-0.35,0.106,0,0,0.484,semi-autonomous
91,28,4,313409000,1,44953.02405,0,-0.043,-0.35,-0.037,0,0,0.484,semi-autonomous
91,29,5,313409000,1,3488.37207,44953.02405,-0.326,-0.043,-0.35,0,0,0.484,semi-autonomous
91,30,6,313409000,1,0,3488.37207,-0.35,-0.326,-0.305,0,0,0.484,semi-autonomous
94,1,1,21675000,0,7563.665039,19184.97656,-0.184,-0.018,-0.159,0,1,0.907,independent_agency
94,2,2,21675000,0,9705.913818,7563.665039,-0.154,-0.184,-0.26,0,1,0.907,independent_agency
94,3,3,21675000,0,4956.976685,9705.913818,-0.222,-0.154,-0.107,0,1,0.907,independent_agency
94,4,4,21675000,0,0,4956.976685,-0.292,-0.222,-0.193,0,1,0.907,independent_agency
94,5,5,21675000,0,0,0,-0.292,-0.292,-0.264,0,1,0.907,independent_agency
94,6,6,21675000,0,381579.3434,0,5.168,-0.292,-0.239,0,1,0.907,independent_agency
94,7,7,21675000,0,196717.6898,381579.3434,2.523,5.168,-0.146,0,1,0.907,independent_agency
94,8,8,21675000,0,288.372101,196717.6898,-0.288,2.523,-0.091,0,1,0.907,independent_agency
94,9,9,21675000,0,1409.941833,288.372101,-0.272,-0.288,-0.133,0,1,0.907,independent_agency
94,10,10,21675000,0,0,1409.941833,-0.292,-0.272,-0.18,0,1,0.907,independent_agency
94,11,11,21675000,0,4580.246582,0,-0.227,-0.292,-0.254,0,1,0.907,independent_agency
94,12,12,21675000,0,0,4580.246582,-0.292,-0.227,-0.018,0,1,0.907,independent_agency
94,13,1,24300000,0,8429.06958,0,-0.172,-0.292,-0.184,0,1,0.985,independent_agency
94,14,2,24300000,0,9906.279297,8429.06958,-0.151,-0.172,-0.154,0,1,0.985,independent_agency
94,15,3,24300000,0,0,9906.279297,-0.292,-0.151,-0.222,0,1,0.985,independent_agency
94,16,4,24300000,0,13634.19775,0,-0.097,-0.292,-0.292,0,1,0.985,independent_agency
94,17,5,24300000,0,0,13634.19775,-0.292,-0.097,-0.292,0,1,0.985,independent_agency
94,18,6,24300000,0,0,0,-0.292,-0.292,5.168,0,1,0.985,independent_agency
94,19,7,24300000,0,0,0,-0.292,-0.292,2.523,0,1,0.985,independent_agency
94,20,8,24300000,1,5665.116211,0,-0.211,-0.292,-0.288,0,1,0.985,independent_agency
94,21,9,24300000,1,0,5665.116211,-0.292,-0.211,-0.272,0,1,0.985,independent_agency
94,22,10,24300000,1,0,0,-0.292,-0.292,-0.292,1,1,0.985,independent_agency
94,23,11,24300000,1,9177.641846,0,-0.161,-0.292,-0.227,1,1,0.985,independent_agency
94,24,12,24300000,1,0,9177.641846,-0.292,-0.161,-0.292,0,1,0.985,independent_agency
94,25,1,41100000,1,14334.37476,0,-0.087,-0.292,-0.172,0,1,0.997,independent_agency
94,26,2,41100000,1,0,14334.37476,-0.292,-0.087,-0.151,0,1,0.997,independent_agency
94,27,3,41100000,1,4128.867676,0,-0.233,-0.292,-0.292,0,1,0.997,independent_agency
94,28,4,41100000,1,5913.883789,4128.867676,-0.208,-0.233,-0.097,0,1,0.997,independent_agency
94,29,5,41100000,1,4128.867676,5913.883789,-0.233,-0.208,-0.292,0,1,0.997,independent_agency
94,30,6,41100000,1,12743.22559,4128.867676,-0.11,-0.233,-0.292,0,1,0.997,independent_agency
